{"createdAt":{"N":"1667885176576"},"id":{"S":"bf346e35-3d1c-4c97-a302-f561c88b6416"},"category_name":{"S":"Cloud Computing"},"updatedAt":{"N":"1667885176576"}}
{"createdAt":{"N":"1667885422230"},"id":{"S":"988aefd6-da35-42f1-9a09-a666c047a068"},"category_name":{"S":"Project Management"},"updatedAt":{"N":"1667885422230"}}
{"createdAt":{"N":"1667884983155"},"id":{"S":"9244cd6e-fa5b-46d1-ac7b-2c0185591070"},"category_name":{"S":"Aws Certification"},"updatedAt":{"N":"1667884983155"}}
{"createdAt":{"N":"1667885448538"},"id":{"S":"b3c7278f-22e9-440a-9368-c4d24f314b58"},"category_name":{"S":"Information Technology"},"updatedAt":{"N":"1667885448538"}}
{"createdAt":{"N":"1667885433237"},"id":{"S":"7c52adc7-e38a-4887-ae38-a559a9c98d27"},"category_name":{"S":"Product Management"},"updatedAt":{"N":"1667885433237"}}
