{"course_tags":{"L":[{"S":"project"}]},"course_type":{"S":"Course"},"course_enable":{"S":"true"},"discount_price":{"S":"30"},"course_image":{"S":"https://peacockimage.s3.ap-south-1.amazonaws.com/lakeside/course/fecee849-9995-4334-80e8-577f7b9f8cd1.png"},"course_icon":{"S":"https://peacockimage.s3.ap-south-1.amazonaws.com/lakeside/course/7ea16b12-e9d7-4805-a854-a0a73b717630.png"},"createdAt":{"N":"1679056345106"},"modules":{"L":[{"M":{"moduleHeading":{"S":"Cloud Security "},"id":{"S":"1"},"moduleDiscription":{"S":"Become a certified Google or AWS Cloud Architect or Cloud DevOps and contribute towards the growth of your career. "},"resourse":{"L":[{"M":{"value":{"S":"43c2835d-213c-41e7-800a-80c245adac26"},"id":{"S":"1"}}}]},"lab_ids":{"L":[{"M":{"value":{"S":"cfb53197-06d0-4ef1-8e24-5af2308ced95"},"id":{"S":"1"}}}]}}}]},"name":{"S":"Cloud Security "},"course_track":{"S":"bd14fc6e-c7ce-4c59-9688-b3d5b2de4f85"},"updatedAt":{"N":"1679056345106"},"price_tag":{"S":"$"},"description":{"S":"Become a certified Google or AWS Cloud Architect or Cloud DevOps and contribute towards the growth of your career. "},"price":{"S":"80"},"pk":{"S":"Cloud Security _Cloud Computing"},"id":{"S":"84e227dd-f84f-4285-b858-ac03e79af886"},"duration":{"S":"1"}}
{"course_tags":{"L":[{"S":"project"}]},"course_type":{"S":"Course"},"course_enable":{"S":"true"},"course_icon":{"S":"https://peacockimage.s3.ap-south-1.amazonaws.com/lakeside/course/621975e2-4b62-400f-8a4b-18ef9998e08c.png"},"course_image":{"S":"https://peacockimage.s3.ap-south-1.amazonaws.com/lakeside/course/6ed28bcd-4946-4908-afb9-0774cb075f74.png"},"discount_price":{"S":"35"},"createdAt":{"N":"1679057371970"},"modules":{"L":[{"M":{"moduleHeading":{"S":"Interview Prep "},"id":{"S":"1"},"moduleDiscription":{"S":"Be equipped and ready to face an interview. We help you with evaluating and updating your resume and training you on how to approach questions from an interviewer. "},"resourse":{"L":[{"M":{"value":{"S":"805f9132-b2df-430b-938f-457e9fc20865"},"id":{"S":"1"}}}]},"lab_ids":{"L":[{"M":{"value":{"S":"cfb53197-06d0-4ef1-8e24-5af2308ced95"},"id":{"S":"1"}}}]}}}]},"name":{"S":"Interview Prep "},"course_track":{"S":"458a47ad-2e96-482e-abab-652c39ed53fb"},"updatedAt":{"N":"1679290320330"},"price_tag":{"S":"$"},"description":{"S":"Be equipped and ready to face an interview. We help you with evaluating and updating your resume and training you on how to approach questions from an interviewer. "},"id":{"S":"5a25b268-07fb-4535-9ece-12170cb4b90b"},"pk":{"S":"Interview Prep _Product Management"},"price":{"S":"80"},"duration":{"S":"3"}}
{"course_tags":{"L":[{"S":"project"}]},"course_type":{"S":"Course"},"course_enable":{"S":"true"},"discount_price":{"S":"30"},"course_image":{"S":"https://peacockimage.s3.ap-south-1.amazonaws.com/lakeside/course/4ac3f33a-743e-488c-b2a7-1703ac7a1b9a.png"},"course_icon":{"S":"https://peacockimage.s3.ap-south-1.amazonaws.com/lakeside/course/b4ef456f-6fa4-4138-966f-641af0d7f027.png"},"createdAt":{"N":"1679056640491"},"modules":{"L":[{"M":{"moduleHeading":{"S":"Interview Prep "},"id":{"S":"1"},"moduleDiscription":{"S":"Be equipped and ready to face an interview. We help you with evaluating and updating your resume and training you on how to approach questions from an interviewer. "},"resourse":{"L":[{"M":{"value":{"S":"43c2835d-213c-41e7-800a-80c245adac26"},"id":{"S":"1"}}}]},"lab_ids":{"L":[{"M":{"value":{"S":"cfb53197-06d0-4ef1-8e24-5af2308ced95"},"id":{"S":"1"}}}]}}}]},"name":{"S":"Interview Prep "},"course_track":{"S":"bd14fc6e-c7ce-4c59-9688-b3d5b2de4f85"},"updatedAt":{"N":"1679056640491"},"price_tag":{"S":"$"},"description":{"S":"Be equipped and ready to face an interview. We help you with evaluating and updating your resume and training you on how to approach questions from an interviewer. "},"price":{"S":"80"},"pk":{"S":"Interview Prep _Cloud Computing"},"id":{"S":"3349c520-c198-4850-9238-8191427ae95d"},"duration":{"S":"4"}}
{"course_tags":{"L":[{"S":"project"}]},"course_type":{"S":"Course"},"course_enable":{"S":"true"},"discount_price":{"S":"40"},"course_image":{"S":"https://peacockimage.s3.ap-south-1.amazonaws.com/lakeside/course/b1a3f77c-1a3d-4bce-898e-71ff3f95dc93.png"},"course_icon":{"S":"https://peacockimage.s3.ap-south-1.amazonaws.com/lakeside/course/f214d8b3-3d1f-4513-9d90-b14d50d167da.png"},"createdAt":{"N":"1679056798700"},"modules":{"L":[{"M":{"moduleHeading":{"S":"Python Course Fundamentals"},"id":{"S":"1"},"moduleDiscription":{"S":"This specialization is designed for learners who have little or no programming experience but want to use Python as a tool to play with data."},"resourse":{"L":[{"M":{"value":{"S":"805f9132-b2df-430b-938f-457e9fc20865"},"id":{"S":"1"}}}]},"lab_ids":{"L":[{"M":{"value":{"S":"cfb53197-06d0-4ef1-8e24-5af2308ced95"},"id":{"S":"1"}}}]}}}]},"name":{"S":"Python Course Fundamentals"},"course_track":{"S":"0106d559-3cee-4fb5-80d1-e686a97aba50"},"updatedAt":{"N":"1679056798700"},"price_tag":{"S":"$"},"description":{"S":"This specialization is designed for learners who have little or no programming experience but want to use Python as a tool to play with data."},"price":{"S":"80"},"pk":{"S":"Python Course Fundamentals_AWS Certification"},"id":{"S":"3c5a1cba-ba74-42e3-a827-534ea19996d6"},"duration":{"S":"3"}}
{"course_tags":{"L":[{"S":"data"}]},"course_type":{"S":"Course"},"course_enable":{"S":"true"},"discount_price":{"S":"30"},"course_image":{"S":"https://peacockimage.s3.ap-south-1.amazonaws.com/lakeside/course/78cab711-bc42-454f-af77-3804e8736260.png"},"course_icon":{"S":"https://peacockimage.s3.ap-south-1.amazonaws.com/lakeside/course/29c29b2a-98b2-4532-896e-be352487ed1d.png"},"createdAt":{"N":"1679055655315"},"modules":{"L":[{"M":{"moduleHeading":{"S":"Data Science "},"id":{"S":"1"},"moduleDiscription":{"S":"Data science is the study of data to extract meaningful insights for business. It is a multidisciplinary approach that combines principles"},"resourse":{"L":[{"M":{"value":{"S":"805f9132-b2df-430b-938f-457e9fc20865"},"id":{"S":"1"}}}]},"lab_ids":{"L":[{"M":{"value":{"S":"cfb53197-06d0-4ef1-8e24-5af2308ced95"},"id":{"S":"1"}}}]}}}]},"name":{"S":"Data Science "},"course_track":{"S":"83481161-1e40-4ddf-8988-fd34342b7db3"},"updatedAt":{"N":"1679055655315"},"price_tag":{"S":"$"},"description":{"S":"Data science is the study of data to extract meaningful insights for business. It is a multidisciplinary approach that combines principles"},"price":{"S":"80"},"pk":{"S":"Data Science _Information Technology"},"id":{"S":"8e1f9808-bec9-4a57-8e4d-bc8c2fbc45d4"},"duration":{"S":"2"}}
{"course_tags":{"L":[{"S":"project"}]},"course_type":{"S":"Course"},"course_enable":{"S":"true"},"discount_price":{"S":"40"},"course_image":{"S":"https://peacockimage.s3.ap-south-1.amazonaws.com/lakeside/course/29c08c6d-0562-40e9-9d0a-c737bf09ebac.png"},"course_icon":{"S":"https://peacockimage.s3.ap-south-1.amazonaws.com/lakeside/course/beabd096-2ec8-4b4b-b8aa-345be2c6f374.png"},"createdAt":{"N":"1679054979936"},"modules":{"L":[{"M":{"moduleHeading":{"S":"Interview Prep "},"id":{"S":"1"},"moduleDiscription":{"S":" Be equipped and ready to face an interview. We help you with evaluating and updating your resume and training you on how to approach questions from an interviewer. "},"resourse":{"L":[{"M":{"value":{"S":"726f4711-ae19-49ac-b5b6-0d24a683516d"},"id":{"S":"1"}}}]},"lab_ids":{"L":[{"M":{"value":{"S":"c70d6f42-f201-46e3-af55-7cd08cc7e70e"},"id":{"S":"1"}}}]}}}]},"name":{"S":"Interview Prep "},"course_track":{"S":"1d8b6364-5f33-4dc0-b69c-1875a491bf8d"},"updatedAt":{"N":"1679054979936"},"price_tag":{"S":"$"},"description":{"S":" Be equipped and ready to face an interview. We help you with evaluating and updating your resume and training you on how to approach questions from an interviewer. "},"price":{"S":"90"},"pk":{"S":"Interview Prep _Project Management"},"id":{"S":"6cfc5786-dff6-4038-9a93-6ea7c81fbe15"},"duration":{"S":"4"}}
{"course_tags":{"L":[{"S":"project"}]},"course_type":{"S":"Course"},"course_enable":{"S":"true"},"discount_price":{"S":"40"},"course_image":{"S":"https://peacockimage.s3.ap-south-1.amazonaws.com/lakeside/course/d877869e-d492-47f7-9fa8-47fd465bba0d.png"},"course_icon":{"S":"https://peacockimage.s3.ap-south-1.amazonaws.com/lakeside/course/ad427f92-29f2-41c7-92f9-f327ee46e61e.png"},"createdAt":{"N":"1679056240762"},"modules":{"L":[{"M":{"moduleHeading":{"S":"AWS Masterclass "},"id":{"S":"1"},"moduleDiscription":{"S":"Validating Cloud expertise to help professionals highlight in demand skills & organizations to build effective, innovative teams for cloud initiatives using AWS. "},"resourse":{"L":[{"M":{"value":{"S":"726f4711-ae19-49ac-b5b6-0d24a683516d"},"id":{"S":"1"}}}]},"lab_ids":{"L":[{"M":{"value":{"S":"c70d6f42-f201-46e3-af55-7cd08cc7e70e"},"id":{"S":"1"}}}]}}}]},"name":{"S":"AWS Masterclass "},"course_track":{"S":"bd14fc6e-c7ce-4c59-9688-b3d5b2de4f85"},"updatedAt":{"N":"1679056240762"},"price_tag":{"S":"$"},"description":{"S":"Validating Cloud expertise to help professionals highlight in demand skills & organizations to build effective, innovative teams for cloud initiatives using AWS. "},"price":{"S":"90"},"pk":{"S":"AWS Masterclass _Cloud Computing"},"id":{"S":"e4a8ee2b-8989-4aef-8ad3-468c76e00973"},"duration":{"S":"3"}}
{"course_tags":{"L":[{"S":"project"}]},"course_type":{"S":"Course"},"course_enable":{"S":"true"},"discount_price":{"S":"40"},"course_image":{"S":"https://peacockimage.s3.ap-south-1.amazonaws.com/lakeside/course/28376ded-1069-4c2d-b750-2e9361078365.png"},"course_icon":{"S":"https://peacockimage.s3.ap-south-1.amazonaws.com/lakeside/course/bf0e7fd8-8d34-4685-b05b-fd16b88d9bd5.png"},"createdAt":{"N":"1679056068325"},"modules":{"L":[{"M":{"moduleHeading":{"S":"Interview Prep "},"id":{"S":"1"},"moduleDiscription":{"S":"Be equipped and ready to face an interview. We help you with evaluating and updating your resume and training you on how to approach questions from an interviewer."},"resourse":{"L":[{"M":{"value":{"S":"726f4711-ae19-49ac-b5b6-0d24a683516d"},"id":{"S":"1"}}}]},"lab_ids":{"L":[{"M":{"value":{"S":"cfb53197-06d0-4ef1-8e24-5af2308ced95"},"id":{"S":"1"}}}]}}}]},"name":{"S":"Interview Prep "},"course_track":{"S":"0106d559-3cee-4fb5-80d1-e686a97aba50"},"updatedAt":{"N":"1679056068325"},"price_tag":{"S":"$"},"description":{"S":"Be equipped and ready to face an interview. We help you with evaluating and updating your resume and training you on how to approach questions from an interviewer."},"price":{"S":"90"},"pk":{"S":"Interview Prep _AWS Certification"},"id":{"S":"72e5df29-5caf-4f7d-9610-3e93f00996ef"},"duration":{"S":"1"}}
{"course_tags":{"L":[{"S":"project"}]},"course_type":{"S":"Course"},"course_enable":{"S":"true"},"discount_price":{"S":"30"},"course_image":{"S":"https://peacockimage.s3.ap-south-1.amazonaws.com/lakeside/course/cf489fa8-fbfb-421e-8f31-e3c0731800d0.png"},"course_icon":{"S":"https://peacockimage.s3.ap-south-1.amazonaws.com/lakeside/course/dfee3aab-1388-410a-9a6e-3c3c699696d7.png"},"createdAt":{"N":"1679055973545"},"modules":{"L":[{"M":{"moduleHeading":{"S":"System Design"},"id":{"S":"1"},"moduleDiscription":{"S":"Systems design is the process of defining elements of a system like modules, architecture, components and their interfaces and data for a system based on the specified requirements."},"resourse":{"L":[{"M":{"value":{"S":"726f4711-ae19-49ac-b5b6-0d24a683516d"},"id":{"S":"1"}}}]},"lab_ids":{"L":[{"M":{"value":{"S":"cfb53197-06d0-4ef1-8e24-5af2308ced95"},"id":{"S":"1"}}}]}}}]},"name":{"S":"System Design"},"course_track":{"S":"0106d559-3cee-4fb5-80d1-e686a97aba50"},"updatedAt":{"N":"1679055973545"},"price_tag":{"S":"$"},"description":{"S":"Systems design is the process of defining elements of a system like modules, architecture, components and their interfaces and data for a system based on the specified requirements."},"price":{"S":"80"},"pk":{"S":"System Design_AWS Certification"},"id":{"S":"d9ddc8d7-fe2d-4e51-ae6d-7d1e43687f2b"},"duration":{"S":"4"}}
{"course_tags":{"L":[{"S":"project"}]},"course_type":{"S":"Course"},"course_enable":{"S":"true"},"discount_price":{"S":"35"},"course_image":{"S":"https://peacockimage.s3.ap-south-1.amazonaws.com/lakeside/course/2e292f9c-4a3c-4af2-81e3-7ae347419aba.png"},"course_icon":{"S":"https://peacockimage.s3.ap-south-1.amazonaws.com/lakeside/course/003dde6e-9b54-4351-bc00-4923d4cf1266.png"},"createdAt":{"N":"1679057312844"},"modules":{"L":[{"M":{"moduleHeading":{"S":"Product Management Fundamentals "},"id":{"S":"1"},"moduleDiscription":{"S":"The four are introduction, growth, maturity, and then decline. Products and companies progress through these stages of development"},"resourse":{"L":[{"M":{"value":{"S":"805f9132-b2df-430b-938f-457e9fc20865"},"id":{"S":"1"}}}]},"lab_ids":{"L":[{"M":{"value":{"S":"cfb53197-06d0-4ef1-8e24-5af2308ced95"},"id":{"S":"1"}}}]}}}]},"name":{"S":"Product Management Fundamentals "},"course_track":{"S":"458a47ad-2e96-482e-abab-652c39ed53fb"},"updatedAt":{"N":"1679057312844"},"price_tag":{"S":"$"},"description":{"S":"The four are introduction, growth, maturity, and then decline. Products and companies progress through these stages of development"},"price":{"S":"80"},"pk":{"S":"Product Management Fundamentals _Product Management"},"id":{"S":"7802662d-c1a2-44a3-8104-096fe031aba1"},"duration":{"S":"4"}}
{"course_tags":{"L":[{"S":"project"}]},"course_type":{"S":"Course"},"course_enable":{"S":"true"},"discount_price":{"S":"30"},"course_image":{"S":"https://peacockimage.s3.ap-south-1.amazonaws.com/lakeside/course/c33c20aa-3a8f-483d-b868-a85762da9500.png"},"course_icon":{"S":"https://peacockimage.s3.ap-south-1.amazonaws.com/lakeside/course/1ddf814a-cb1a-42ac-92ae-a376159c6d3d.png"},"createdAt":{"N":"1679054743327"},"modules":{"L":[{"M":{"moduleHeading":{"S":"Project Management Fundamentals "},"id":{"S":"1"},"moduleDiscription":{"S":"Project management fundamentals include process groups, cost management, risk management, task management, and project constraints."},"resourse":{"L":[{"M":{"value":{"S":"43c2835d-213c-41e7-800a-80c245adac26"},"id":{"S":"1"}}}]},"lab_ids":{"L":[{"M":{"value":{"S":"cfb53197-06d0-4ef1-8e24-5af2308ced95"},"id":{"S":"1"}}}]}}}]},"name":{"S":"Project Management Fundamentals "},"course_track":{"S":"1d8b6364-5f33-4dc0-b69c-1875a491bf8d"},"updatedAt":{"N":"1679054743327"},"price_tag":{"S":"$"},"description":{"S":"Project management fundamentals include process groups, cost management, risk management, task management, and project constraints."},"price":{"S":"80"},"pk":{"S":"Project Management Fundamentals _Project Management"},"id":{"S":"bac5fc0e-3232-40d9-aa93-10beb726cd72"},"duration":{"S":"0"}}
{"course_tags":{"L":[{"S":"project"}]},"course_type":{"S":"Course"},"course_enable":{"S":"true"},"discount_price":{"S":"40"},"course_image":{"S":"https://peacockimage.s3.ap-south-1.amazonaws.com/lakeside/course/7390884f-55b7-4cd1-8370-ec6557909829.png"},"course_icon":{"S":"https://peacockimage.s3.ap-south-1.amazonaws.com/lakeside/course/2c6741f1-0368-4023-b6c5-5b399da261ad.png"},"createdAt":{"N":"1679056558685"},"modules":{"L":[{"M":{"moduleHeading":{"S":"Azure Masterclass "},"id":{"S":"1"},"moduleDiscription":{"S":"Be well versed in Azure Architecture, services, and Cloud Concepts. Also dive into Azure Management and Governance. "},"resourse":{"L":[{"M":{"value":{"S":"805f9132-b2df-430b-938f-457e9fc20865"},"id":{"S":"1"}}}]},"lab_ids":{"L":[{"M":{"value":{"S":"cfb53197-06d0-4ef1-8e24-5af2308ced95"},"id":{"S":"1"}}}]}}}]},"name":{"S":"Azure Masterclass "},"course_track":{"S":"bd14fc6e-c7ce-4c59-9688-b3d5b2de4f85"},"updatedAt":{"N":"1679056558685"},"price_tag":{"S":"$"},"description":{"S":"Be well versed in Azure Architecture, services, and Cloud Concepts. Also dive into Azure Management and Governance. "},"price":{"S":"70"},"pk":{"S":"Azure Masterclass _Cloud Computing"},"id":{"S":"cbd7735f-0a1a-40f2-baa2-fd2f471c7543"},"duration":{"S":"3"}}
{"course_tags":{"L":[{"S":"Cloud"}]},"course_type":{"S":"Course"},"course_enable":{"S":"true"},"course_icon":{"S":"https://peacockimage.s3.ap-south-1.amazonaws.com/lakeside/course/d587b4e8-e9d0-4cf5-96b7-0e4fe33e991b.jpeg"},"course_image":{"S":"https://peacockimage.s3.amazonaws.com/lakeside/course/9dc4f9f5-36d7-4319-a4e9-0a84f0594ea3.jpeg"},"discount_price":{"S":"88"},"createdAt":{"N":"1679280054192"},"modules":{"L":[{"M":{"moduleHeading":{"S":"System Design"},"id":{"S":"1"},"moduleDiscription":{"S":"adasdas"},"resourse":{"L":[{"M":{"value":{"S":"9679aeaa-0d56-41c5-b0cf-5d4dab779f24"},"id":{"S":"1"}}}]},"lab_ids":{"L":[{"M":{"value":{"S":"c70d6f42-f201-46e3-af55-7cd08cc7e70e"},"id":{"S":"1"}}}]}}}]},"name":{"S":"sada"},"course_track":{"S":"bd14fc6e-c7ce-4c59-9688-b3d5b2de4f85"},"updatedAt":{"N":"1679281739697"},"price_tag":{"S":"$"},"description":{"S":"sdasdas"},"id":{"S":"812dac3d-2ae0-4d49-8dfe-91a743080965"},"pk":{"S":"sada_Cloud Computing"},"price":{"S":"99"},"duration":{"S":"11"}}
{"course_tags":{"L":[{"S":"project"}]},"course_type":{"S":"Course"},"course_enable":{"S":"true"},"discount_price":{"S":"40"},"course_image":{"S":"https://peacockimage.s3.ap-south-1.amazonaws.com/lakeside/course/85a66903-2185-4c0d-b949-f84ee59ccbac.png"},"course_icon":{"S":"https://peacockimage.s3.ap-south-1.amazonaws.com/lakeside/course/f1330a50-5c7f-4fd7-b2d4-2dd0627a3be9.png"},"createdAt":{"N":"1679054842512"},"modules":{"L":[{"M":{"moduleHeading":{"S":"Scrum & Agile Masterclass "},"id":{"S":"1"},"moduleDiscription":{"S":"Create User Stories & Issues, Plan Sprints, & Distribute Tasks Across Your Software Team. Explore Various \"Per User\" Pricing Options, So You'll Never Pay For More Than You Need."},"resourse":{"L":[{"M":{"value":{"S":"726f4711-ae19-49ac-b5b6-0d24a683516d"},"id":{"S":"1"}}}]},"lab_ids":{"L":[{"M":{"value":{"S":"cfb53197-06d0-4ef1-8e24-5af2308ced95"},"id":{"S":"1"}}}]}}}]},"name":{"S":"Scrum & Agile Masterclass "},"course_track":{"S":"1d8b6364-5f33-4dc0-b69c-1875a491bf8d"},"updatedAt":{"N":"1679054842512"},"price_tag":{"S":"$"},"description":{"S":"Create User Stories & Issues, Plan Sprints, & Distribute Tasks Across Your Software Team. Explore Various \"Per User\" Pricing Options, So You'll Never Pay For More Than You Need."},"price":{"S":"70"},"pk":{"S":"Scrum & Agile Masterclass _Project Management"},"id":{"S":"494b8925-bc21-40ed-8fdc-c663159463ad"},"duration":{"S":"4"}}
{"course_tags":{"L":[{"S":"project"}]},"course_type":{"S":"Course"},"course_enable":{"S":"true"},"discount_price":{"S":"30"},"course_image":{"S":"https://peacockimage.s3.ap-south-1.amazonaws.com/lakeside/course/8928195e-8663-41b4-bb39-b81f47623fee.png"},"course_icon":{"S":"https://peacockimage.s3.ap-south-1.amazonaws.com/lakeside/course/9a9d9790-264f-4732-90a2-1299a16800d9.png"},"createdAt":{"N":"1679056477743"},"modules":{"L":[{"M":{"moduleHeading":{"S":"Google Cloud "},"id":{"S":"1"},"moduleDiscription":{"S":"On completion, you will be able to demonstrate your technical proficiency with Google Cloud Products and Solutions ."},"resourse":{"L":[{"M":{"value":{"S":"726f4711-ae19-49ac-b5b6-0d24a683516d"},"id":{"S":"1"}}}]},"lab_ids":{"L":[{"M":{"value":{"S":"c70d6f42-f201-46e3-af55-7cd08cc7e70e"},"id":{"S":"1"}}}]}}}]},"name":{"S":"Google Cloud "},"course_track":{"S":"bd14fc6e-c7ce-4c59-9688-b3d5b2de4f85"},"updatedAt":{"N":"1679056477743"},"price_tag":{"S":"$"},"description":{"S":"On completion, you will be able to demonstrate your technical proficiency with Google Cloud Products and Solutions ."},"price":{"S":"75"},"pk":{"S":"Google Cloud _Cloud Computing"},"id":{"S":"aadab0cd-b9e5-4ee6-bfbe-6e3682d469e7"},"duration":{"S":"4"}}
{"course_tags":{"L":[{"S":"project"}]},"course_type":{"S":"Course"},"course_enable":{"S":"true"},"discount_price":{"S":"35"},"course_image":{"S":"https://peacockimage.s3.ap-south-1.amazonaws.com/lakeside/course/72732541-d4f7-4263-9c8a-540e715cc21f.png"},"course_icon":{"S":"https://peacockimage.s3.ap-south-1.amazonaws.com/lakeside/course/7ff9f7e6-2a4f-45f9-ac0c-9adb6bb21779.png"},"createdAt":{"N":"1679055765570"},"modules":{"L":[{"M":{"moduleHeading":{"S":"Interview Prep "},"id":{"S":"1"},"moduleDiscription":{"S":"Be equipped and ready to face an interview. We help you with evaluating and updating your resume and training you on how to approach questions from an interviewer. "},"resourse":{"L":[{"M":{"value":{"S":"43c2835d-213c-41e7-800a-80c245adac26"},"id":{"S":"1"}}}]},"lab_ids":{"L":[{"M":{"value":{"S":"cfb53197-06d0-4ef1-8e24-5af2308ced95"},"id":{"S":"1"}}}]}}}]},"name":{"S":"Interview Prep "},"course_track":{"S":"83481161-1e40-4ddf-8988-fd34342b7db3"},"updatedAt":{"N":"1679055765570"},"price_tag":{"S":"$"},"description":{"S":"Be equipped and ready to face an interview. We help you with evaluating and updating your resume and training you on how to approach questions from an interviewer. "},"price":{"S":"80"},"pk":{"S":"Interview Prep _Information Technology"},"id":{"S":"26f0e2aa-eb70-4ebb-ae66-9d204c85d607"},"duration":{"S":"3"}}
