{"lab_type":{"S":"Lab"},"discount_price":{"S":"99"},"lab_tags":{"L":[{"S":"Cloud"}]},"createdAt":{"N":"1677816858778"},"lab_track":{"S":"83481161-1e40-4ddf-8988-fd34342b7db3"},"lab_icon":{"S":"https://peacockimage.s3.ap-south-1.amazonaws.com/lakeside/course/c76c8095-0e7c-4c62-b528-5ebaacbebead.jpeg"},"name":{"S":"IT Audit"},"lab_enable":{"S":"true"},"labIamPolicy":{"S":"asd"},"labServiceRole":{"S":"sd"},"labUrl":{"S":"https://www.skillshare.com/en/classes/IT-Audit-Complete-Course/1417322189?via=search-layout-grid"},"updatedAt":{"N":"1677816858778"},"lab_modules":{"L":[{"M":{"questions":{"L":[{"M":{"question":{"S":"IT Audit Complete Course ?"},"choice":{"L":[{"M":{"correct":{"BOOL":true},"value":{"S":"1"},"id":{"S":"1"}}},{"M":{"correct":{"BOOL":false},"value":{"S":"2"},"id":{"S":"2"}}},{"M":{"correct":{"BOOL":false},"value":{"S":"3"},"id":{"S":"3"}}},{"M":{"correct":{"BOOL":false},"value":{"S":"4"},"id":{"S":"4"}}}]},"id":{"S":"1"}}}]},"moduleHeading":{"S":"IT Audit Process"},"id":{"S":"1"},"moduleDiscription":{"S":"If your goal is to become an IT Auditor, IT Security Analyst, IT Compliance Analyst, Cyber Security or kick-start a career in IT Security, then this course is designed for you."},"resourse":{"S":"43c2835d-213c-41e7-800a-80c245adac26"}}}]},"price_tag":{"S":"$"},"lab_image":{"S":"https://peacockimage.s3.ap-south-1.amazonaws.com/lakeside/course/af7b746b-2903-4145-aa4c-6628b7a791c7.jpeg"},"description":{"S":"With increasing reliance on Information Technology, businesses rely on sound information systems to maintain the integrity of their data and assets.\n\nThis course is designed to equip you with the knowledge you need to get started and thrive as an IT Auditor."},"price":{"S":"150"},"pk":{"S":"IT Audit_Information Technology"},"id":{"S":"352f1a93-0762-4885-9c4c-37ee335ca602"},"duration":{"S":"02:42"}}
{"lab_type":{"S":"Lab"},"discount_price":{"S":"50"},"lab_tags":{"L":[{"S":"Cloud"}]},"createdAt":{"N":"1677816671288"},"lab_track":{"S":"0106d559-3cee-4fb5-80d1-e686a97aba50"},"lab_icon":{"S":"https://peacockimage.s3.ap-south-1.amazonaws.com/lakeside/course/343a3805-00b6-43e2-b86b-b41a2ee22852.jpeg"},"name":{"S":"AWS tutorials from Starter to Professional (All Practical Implementation)"},"lab_enable":{"S":"true"},"labIamPolicy":{"S":"sas"},"labServiceRole":{"S":"asd"},"labUrl":{"S":"https://www.skillshare.com/en/classes/AWS-tutorials-from-Starter-to-Professional-All-Practical-Implementation-All-in-Hindi/1501121896?via=search-layout-grid"},"updatedAt":{"N":"1677816671288"},"lab_modules":{"L":[{"M":{"questions":{"L":[{"M":{"question":{"S":"waht is aws ?"},"choice":{"L":[{"M":{"correct":{"BOOL":true},"value":{"S":"cloud storage"},"id":{"S":"1"}}},{"M":{"correct":{"BOOL":false},"value":{"S":"aws give only database"},"id":{"S":"2"}}},{"M":{"correct":{"BOOL":false},"value":{"S":"aws give domain link"},"id":{"S":"3"}}},{"M":{"correct":{"BOOL":false},"value":{"S":"aws give auth functionality"},"id":{"S":"4"}}}]},"id":{"S":"1"}}}]},"moduleHeading":{"S":"IAM Groups"},"id":{"S":"1"},"moduleDiscription":{"S":"Hii guys, this is Prashant - COO of Studyleague IT Solutions LLP, basically, an IT firm & I have made this series on AWS for all those who actually want to learn AWS practically, those who want to actually implement the things "},"resourse":{"S":"43c2835d-213c-41e7-800a-80c245adac26"}}}]},"price_tag":{"S":"$"},"lab_image":{"S":"https://peacockimage.s3.ap-south-1.amazonaws.com/lakeside/course/732e7d31-66f2-49bf-bfe8-7d1068a35e8b.jpeg"},"description":{"S":"Hii guys, this is Prashant - COO of Studyleague IT Solutions LLP, basically, an IT firm & I have made this series on AWS for all those who actually want to learn AWS practically, those who want to actually implement the things which are there in AWS. And most importantly all this is going to be in HINDI which I feel is a great advantage for each of you because Hindi I feel is something that we feel is better when it comes to understanding something especially when it's educational. "},"price":{"S":"80"},"pk":{"S":"AWS tutorials from Starter to Professional (All Practical Implementation)_AWS Certification"},"id":{"S":"cfb53197-06d0-4ef1-8e24-5af2308ced95"},"duration":{"S":"04:37"}}
{"lab_type":{"S":"Lab"},"discount_price":{"S":"99"},"lab_tags":{"L":[{"S":"Cloud"}]},"createdAt":{"N":"1677750708808"},"lab_track":{"S":"1d8b6364-5f33-4dc0-b69c-1875a491bf8d"},"lab_icon":{"S":"https://peacockimage.s3.ap-south-1.amazonaws.com/lakeside/course/f5d81789-d920-43ab-ab9b-5db42de91fe5.jpeg"},"name":{"S":"Serverless Computing"},"lab_enable":{"S":"true"},"labIamPolicy":{"S":"sad"},"labServiceRole":{"S":"asd"},"labUrl":{"S":"https://www.skillshare.com/en/classes/Serverless-Computing-with-AWS-Lambda/760114651?via=search-layout-grid"},"updatedAt":{"N":"1677816391662"},"lab_modules":{"L":[{"M":{"questions":{"L":[{"M":{"question":{"S":"which data base using cognito ?"},"choice":{"L":[{"M":{"correct":{"BOOL":true},"value":{"S":"aws"},"id":{"S":"1"}}},{"M":{"correct":{"BOOL":false},"value":{"S":"mongo"},"id":{"S":"2"}}},{"M":{"correct":{"BOOL":false},"value":{"S":"postgressql"},"id":{"S":"3"}}},{"M":{"correct":{"BOOL":false},"value":{"S":"dynamo "},"id":{"S":"4"}}}]},"id":{"S":"1"}}}]},"moduleHeading":{"S":"Event object"},"id":{"S":"1"},"moduleDiscription":{"S":"After learning these tools and services, you will learn by two real life example projects on AWS Lambda. These projects will demonstrate step by step how you could develop and deploy you Lambda applications."},"resourse":{"S":"a31210ba-efd4-4631-8b31-94e614ad96ab"}}}]},"price_tag":{"S":"$"},"description":{"S":"This course is all about learning and mastering one of the most popular services of Amazon Cloud- AWS Lambda. It is a highly demanded skill among Cloud professionals, specially those who are working on AWS Cloud platform. With AWS Lambda, you can create a Serverless Applications in a matter for few steps. You can choose any of the programming languages available to create a Lambda application."},"id":{"S":"c70d6f42-f201-46e3-af55-7cd08cc7e70e"},"lab_image":{"S":"https://peacockimage.s3.ap-south-1.amazonaws.com/lakeside/course/2f400167-3ed9-429e-8af3-bdffe514015d.jpeg"},"pk":{"S":"Serverless Computing_Project Management"},"price":{"S":"150"},"duration":{"S":"02:21"}}
{"lab_type":{"S":"Lab"},"discount_price":{"S":"88"},"lab_tags":{"L":[{"S":"System_Design"}]},"createdAt":{"N":"1677816379892"},"lab_track":{"S":"458a47ad-2e96-482e-abab-652c39ed53fb"},"lab_icon":{"S":"https://peacockimage.s3.ap-south-1.amazonaws.com/lakeside/course/1230c6ce-c32e-49e0-bd50-84cdbb8cc8b9.jpeg"},"name":{"S":"3 Strategies to Transition to Product Management"},"lab_enable":{"S":"true"},"labIamPolicy":{"S":"sdsd"},"labServiceRole":{"S":"dfasd"},"labUrl":{"S":"https://www.skillshare.com/en/classes/3-Strategies-to-Transition-to-Product-Management-And-Succeed/309607465?via=search-layout-grid"},"updatedAt":{"N":"1679282086225"},"lab_modules":{"L":[{"M":{"questions":{"L":[{"M":{"question":{"S":"which one you like ?"},"choice":{"L":[{"M":{"correct":{"BOOL":true},"value":{"S":"1"},"id":{"S":"1"}}},{"M":{"correct":{"BOOL":false},"value":{"S":"2"},"id":{"S":"2"}}},{"M":{"correct":{"BOOL":false},"value":{"S":"3"},"id":{"S":"3"}}},{"M":{"correct":{"BOOL":false},"value":{"S":"4"},"id":{"S":"4"}}}]},"id":{"S":"1"}}}]},"moduleHeading":{"S":"But how exactly do you get there?"},"id":{"S":"1"},"moduleDiscription":{"S":"By going through the course you will learn 3 strategies on how you can build up your product management expertise to successfully transition to the Product Manager (PM) role. Also, you will complete a practical exercise to assess your current skills and find transferable skills you already have to apply for the PM position."},"resourse":{"S":"43c2835d-213c-41e7-800a-80c245adac26"}}}]},"price_tag":{"S":"$"},"description":{"S":"The demand for Product Management is on the rise today with more and more companies discovering how important this function is and how it accelerates the growth and innovation of a business. Product Managers are in charge of the key ingredient of every successful business – its product."},"id":{"S":"6a1f16dd-afea-4653-b7fc-d367648eb3ea"},"lab_image":{"S":"https://peacockimage.s3.ap-south-1.amazonaws.com/lakeside/course/975925af-25c7-4cfd-8abe-361b70d47240.jpeg"},"pk":{"S":"3 Strategies to Transition to Product Management_Product Management"},"price":{"S":"99"},"duration":{"S":"03:34"}}
{"lab_type":{"S":"Lab"},"discount_price":{"S":"99"},"lab_tags":{"L":[{"S":"Cloud"}]},"createdAt":{"N":"1677816076365"},"lab_track":{"S":"bd14fc6e-c7ce-4c59-9688-b3d5b2de4f85"},"lab_icon":{"S":"https://peacockimage.s3.ap-south-1.amazonaws.com/lakeside/course/08e59940-ae0d-4faa-9331-64e948cf29b8.jpeg"},"name":{"S":"Cloud Computing for Beginners - Database Technologies"},"lab_enable":{"S":"true"},"labIamPolicy":{"S":"asd"},"labServiceRole":{"S":"ads"},"labUrl":{"S":"https://www.skillshare.com/en/classes/Cloud-Computing-for-Beginners-Database-Technologies/270709196?via=search-layout-grid"},"updatedAt":{"N":"1677816076365"},"lab_modules":{"L":[{"M":{"questions":{"L":[{"M":{"question":{"S":"Why you wants to install VM Ware?"},"choice":{"L":[{"M":{"correct":{"BOOL":true},"value":{"S":"we can run dual operation system in same time"},"id":{"S":"1"}}},{"M":{"correct":{"BOOL":false},"value":{"S":"easy to use"},"id":{"S":"2"}}},{"M":{"correct":{"BOOL":false},"value":{"S":"upgrade every storage"},"id":{"S":"3"}}},{"M":{"correct":{"BOOL":false},"value":{"S":"advanced"},"id":{"S":"4"}}}]},"id":{"S":"1"}}}]},"moduleHeading":{"S":"Data is like Energy!"},"id":{"S":"1"},"moduleDiscription":{"S":"As you probably know, data is everywhere. Data is the energy that drives many business companies and organizations worldwide. If data is like energy, we need a storing container and an engine to store and access this energy, the data. A storing container that will be flexible, fast, reliable, easy to manage, and cost-effective."},"resourse":{"S":"805f9132-b2df-430b-938f-457e9fc20865"}}}]},"price_tag":{"S":"$"},"lab_image":{"S":"https://peacockimage.s3.ap-south-1.amazonaws.com/lakeside/course/61df4170-c0c7-4e68-adcd-2998ab7f2bcf.jpeg"},"description":{"S":"As you probably know, data is everywhere. Data is the energy that drives many business companies and organizations worldwide. If data is like energy, we need a storing container and an engine to store and access this energy, the data. A storing container that will be flexible, fast, reliable, easy to manage, and cost-effective."},"price":{"S":"150"},"pk":{"S":"Cloud Computing for Beginners - Database Technologies_Cloud Computing"},"id":{"S":"2b82047a-90f1-478c-8929-e43001fc809c"},"duration":{"S":"01:29"}}
