{"user_id":{"S":"84828864-7750-42ce-8a16-486b0b34c9f3"},"icon":{"S":"https://newtrimed.s3.ap-south-1.amazonaws.com/lakeside+logo/logo.png"},"updatedAt":{"N":"1673340859265"},"timestamp":{"N":"3"},"createdAt":{"N":"1673340859265"},"text":{"S":"If you have any further questions or concerns, please don't hesitate to contact our customer support team"},"link":{"S":"https://lakeside-client.vercel.app/contact-us"},"id":{"S":"3e665f3b-b1e5-4f90-bda2-fc52b58cb087"},"title":{"S":"Added new course"},"body":{"S":"Added a course. Go ahead and check the course details."}}
{"user_id":{"S":"84828864-7750-42ce-8a16-486b0b34c9f3"},"icon":{"S":"https://newtrimed.s3.ap-south-1.amazonaws.com/lakeside+logo/logo.png"},"updatedAt":{"N":"1675266516977"},"timestamp":{"N":"7"},"createdAt":{"N":"1675266516977"},"text":{"S":"If you have any further questions or concerns, please don't hesitate to contact our customer support team"},"link":{"S":"https://lakeside-client.vercel.app/contact-us"},"id":{"S":"c9fb40bc-9ef5-4503-b2d5-89953e416da3"},"title":{"S":"Account Enabled"},"body":{"S":"Your account has beed Enabled."}}
{"user_id":{"S":"84828864-7750-42ce-8a16-486b0b34c9f3"},"icon":{"S":"https://newtrimed.s3.ap-south-1.amazonaws.com/lakeside+logo/logo.png"},"updatedAt":{"N":"1673340825021"},"timestamp":{"N":"1"},"createdAt":{"N":"1673340825021"},"text":{"S":"please contact customer support to unlock you account!"},"link":{"S":"https://lakeside-client.vercel.app/contact-us"},"id":{"S":"b8c627d4-3401-4c21-bd47-d5f6d5c042ed"},"title":{"S":"Account Disabled"},"body":{"S":"Your account has beed disabled temporarily."}}
{"user_id":{"S":"84828864-7750-42ce-8a16-486b0b34c9f3"},"icon":{"S":"https://newtrimed.s3.ap-south-1.amazonaws.com/lakeside+logo/logo.png"},"updatedAt":{"N":"1675266485683"},"timestamp":{"N":"6"},"createdAt":{"N":"1675266485683"},"text":{"S":"please contact customer support to unlock you account!"},"link":{"S":"https://lakeside-client.vercel.app/contact-us"},"id":{"S":"be849edf-0641-4fca-8eab-3a793252d2a9"},"title":{"S":"Account Disabled"},"body":{"S":"Your account has beed disabled temporarily."}}
{"user_id":{"S":"84828864-7750-42ce-8a16-486b0b34c9f3"},"icon":{"S":"https://newtrimed.s3.ap-south-1.amazonaws.com/lakeside+logo/logo.png"},"updatedAt":{"N":"1673340880340"},"timestamp":{"N":"4"},"createdAt":{"N":"1673340880340"},"text":{"S":"If you have any further questions or concerns, please don't hesitate to contact our customer support team"},"link":{"S":"https://lakeside-client.vercel.app/contact-us"},"id":{"S":"e4feb763-0360-4c09-953a-8a4253284b8e"},"title":{"S":"Added new course"},"body":{"S":"Added a course. Go ahead and check the course details."}}
{"user_id":{"S":"84828864-7750-42ce-8a16-486b0b34c9f3"},"icon":{"S":"https://newtrimed.s3.ap-south-1.amazonaws.com/lakeside+logo/logo.png"},"updatedAt":{"N":"1673341108366"},"timestamp":{"N":"5"},"createdAt":{"N":"1673341108366"},"text":{"S":"If you have any further questions or concerns, please don't hesitate to contact our customer support team"},"link":{"S":"https://lakeside-client.vercel.app/contact-us"},"id":{"S":"3daa7694-94a6-425b-97de-42c299716fd6"},"title":{"S":"Successfully bought the course"},"body":{"S":"Congrats, you have successfully bought a course. Go ahead. "}}
{"user_id":{"S":"84828864-7750-42ce-8a16-486b0b34c9f3"},"icon":{"S":"https://newtrimed.s3.ap-south-1.amazonaws.com/lakeside+logo/logo.png"},"updatedAt":{"N":"1673340830606"},"timestamp":{"N":"2"},"createdAt":{"N":"1673340830606"},"text":{"S":"If you have any further questions or concerns, please don't hesitate to contact our customer support team"},"link":{"S":"https://lakeside-client.vercel.app/contact-us"},"id":{"S":"0147aa18-e962-4508-a40e-6ccaa351818e"},"title":{"S":"Account Enabled"},"body":{"S":"Your account has beed Enabled."}}
