{"paymentId":{"S":"pi_3MZBLeIAbvjmWp3N05hE2bRx"},"paymentStatus":{"S":"paid"},"updatedAt":{"N":"1675853925937"},"createdAt":{"N":"1675853925937"},"amount":{"N":"80"},"paymentMethod":{"S":"card"},"customerDetails":{"L":[{"M":{"country":{"S":"US"},"state":{"S":""},"postal_code":{"S":"84445"},"city":{"S":""},"line2":{"S":""},"line1":{"S":""}}}]},"id":{"S":"5cef26a2-0f30-4928-bba1-c7ddb051bcb9"},"email":{"S":"jacksonkasipeacock@gmail.com"},"name":{"S":"jakson kasi"}}
{"paymentId":{"S":"PAYID-MPVSGTA1LG719497W7382150"},"paymentStatus":{"S":"approved"},"updatedAt":{"N":"1676354402231"},"createdAt":{"N":"1676354402231"},"amount":{"N":"80"},"paymentMethod":{"S":"paypal"},"customerDetails":{"L":[{"M":{"country":{"S":"US"},"state":{"S":"CA"},"postal_code":{"S":"95131"},"city":{"S":"San Jose"},"line2":{"S":""},"line1":{"S":"1 Main St"}}}]},"id":{"S":"53564624-19db-4057-8fc9-75f6d9512937"},"email":{"S":"sb-uy243x12992452@personal.example.com"},"name":{"S":"John Doe"}}
{"paymentId":{"S":"PAYID-MPU5E7A0GX63916AN665530W"},"paymentStatus":{"S":"approved"},"updatedAt":{"N":"1676268181238"},"createdAt":{"N":"1676268181238"},"amount":{"N":"50"},"paymentMethod":{"S":"paypal"},"customerDetails":{"L":[{"M":{"country":{"S":"US"},"state":{"S":"CA"},"postal_code":{"S":"95131"},"city":{"S":"San Jose"},"line2":{"S":""},"line1":{"S":"1 Main St"}}}]},"id":{"S":"85bcb6ca-11a1-4850-af8b-de012633153b"},"email":{"S":"sb-uy243x12992452@personal.example.com"},"name":{"S":"John Doe"}}
{"paymentId":{"S":"PAYID-MPVBSRQ9S947706HS549561S"},"paymentStatus":{"S":"approved"},"updatedAt":{"N":"1676286304902"},"createdAt":{"N":"1676286304902"},"amount":{"N":"88"},"paymentMethod":{"S":"paypal"},"customerDetails":{"L":[{"M":{"country":{"S":"US"},"state":{"S":"CA"},"postal_code":{"S":"95131"},"city":{"S":"San Jose"},"line2":{"S":""},"line1":{"S":"1 Main St"}}}]},"id":{"S":"71099cb5-7662-4745-b498-b61d59267da5"},"email":{"S":"sb-uy243x12992452@personal.example.com"},"name":{"S":"John Doe"}}
{"paymentId":{"S":"pi_3MZscUIAbvjmWp3N0ZjJij9m"},"paymentStatus":{"S":"paid"},"updatedAt":{"N":"1676020300786"},"createdAt":{"N":"1676020300786"},"amount":{"N":"80"},"paymentMethod":{"S":"card"},"customerDetails":{"L":[{"M":{"country":{"S":"BD"},"state":{"S":""},"postal_code":{"S":""},"city":{"S":""},"line2":{"S":""},"line1":{"S":""}}}]},"id":{"S":"d773826c-2c40-4822-9ea8-ab4d1d1bc19d"},"email":{"S":"emondasprivate@gmail.com"},"name":{"S":"Emon"}}
{"paymentId":{"S":"pi_3MZsM2IAbvjmWp3N1Gobkf13"},"paymentStatus":{"S":"paid"},"updatedAt":{"N":"1676027022003"},"createdAt":{"N":"1676027022003"},"amount":{"N":"60"},"paymentMethod":{"S":"card"},"customerDetails":{"L":[{"M":{"country":{"S":"US"},"state":{"S":""},"postal_code":{"S":"84445"},"city":{"S":""},"line2":{"S":""},"line1":{"S":""}}}]},"id":{"S":"db36dc4c-3dc4-43dc-8bf3-d807b6a6ee1c"},"email":{"S":"mohamedthawfeek96@gmail.com"},"name":{"S":"mohamed"}}
{"paymentId":{"S":"pi_3MZoouIAbvjmWp3N1OS2i12O"},"paymentStatus":{"S":"paid"},"updatedAt":{"N":"1676005625215"},"createdAt":{"N":"1676005625215"},"amount":{"N":"80"},"paymentMethod":{"S":"card"},"customerDetails":{"L":[{"M":{"country":{"S":"US"},"state":{"S":""},"postal_code":{"S":"84445"},"city":{"S":""},"line2":{"S":""},"line1":{"S":""}}}]},"id":{"S":"a2d386a8-dadb-4787-bc42-f2251a5b25e3"},"email":{"S":"mohamedthawfeek96@gmail.com"},"name":{"S":"mohamed"}}
{"paymentId":{"S":"pi_3MZb0zIAbvjmWp3N1KlLy3Ft"},"paymentStatus":{"S":"paid"},"updatedAt":{"N":"1676268013204"},"createdAt":{"N":"1676268013204"},"amount":{"N":"50"},"paymentMethod":{"S":"card"},"customerDetails":{"L":[{"M":{"country":{"S":"US"},"state":{"S":""},"postal_code":{"S":"84445"},"city":{"S":""},"line2":{"S":""},"line1":{"S":""}}}]},"id":{"S":"411fd3b3-2caa-433f-b804-9f0449e5b862"},"email":{"S":"vvmowgaxdwwjm@triots.com"},"name":{"S":"mohamed"}}
{"paymentId":{"S":"pi_3Mc4S4IAbvjmWp3N0E8gI26C"},"paymentStatus":{"S":"paid"},"updatedAt":{"N":"1676620058775"},"createdAt":{"N":"1676620058775"},"amount":{"N":"252"},"paymentMethod":{"S":"card"},"customerDetails":{"L":[{"M":{"country":{"S":"US"},"state":{"S":""},"postal_code":{"S":"84445"},"city":{"S":""},"line2":{"S":""},"line1":{"S":""}}}]},"id":{"S":"95879a0e-b247-43e4-9e82-fbf0f106d88a"},"email":{"S":"mohamedthawfeek96@gmail.com"},"name":{"S":"mohamed"}}
{"paymentId":{"S":"PAYID-MPU52RQ3V045452YP726194C"},"paymentStatus":{"S":"approved"},"updatedAt":{"N":"1676270943704"},"createdAt":{"N":"1676270943704"},"amount":{"N":"99"},"paymentMethod":{"S":"paypal"},"customerDetails":{"L":[{"M":{"country":{"S":"US"},"state":{"S":"CA"},"postal_code":{"S":"95131"},"city":{"S":"San Jose"},"line2":{"S":""},"line1":{"S":"1 Main St"}}}]},"id":{"S":"1bedf104-1bc8-4f82-bd94-84e3419d50e2"},"email":{"S":"sb-uy243x12992452@personal.example.com"},"name":{"S":"John Doe"}}
{"paymentId":{"S":"pi_3Mmg2oIAbvjmWp3N0GaqxHwJ"},"paymentStatus":{"S":"paid"},"updatedAt":{"N":"1679070930329"},"createdAt":{"N":"1679070930329"},"amount":{"N":"35"},"paymentMethod":{"S":"card"},"customerDetails":{"L":[{"M":{"country":{"S":"US"},"state":{"S":""},"postal_code":{"S":"84445"},"city":{"S":""},"line2":{"S":""},"line1":{"S":""}}}]},"id":{"S":"d7169f0b-6ed7-4278-bf77-e049fea559de"},"email":{"S":"mohamedthawfeek96@gmail.com"},"name":{"S":"mohame"}}
{"paymentId":{"S":"pi_3MZsJyIAbvjmWp3N0dfcbQUP"},"paymentStatus":{"S":"paid"},"updatedAt":{"N":"1676019120702"},"createdAt":{"N":"1676019120702"},"amount":{"N":"40"},"paymentMethod":{"S":"card"},"customerDetails":{"L":[{"M":{"country":{"S":"US"},"state":{"S":""},"postal_code":{"S":"84445"},"city":{"S":""},"line2":{"S":""},"line1":{"S":""}}}]},"id":{"S":"0c244c02-b81b-4b4f-8f23-5c705b186457"},"email":{"S":"mohamedthawfeek96@gmail.com"},"name":{"S":"mohamed"}}
{"paymentId":{"S":"pi_3MbzwVIAbvjmWp3N02dS3wt8"},"paymentStatus":{"S":"paid"},"updatedAt":{"N":"1676525039232"},"createdAt":{"N":"1676525039232"},"amount":{"N":"164"},"paymentMethod":{"S":"card"},"customerDetails":{"L":[{"M":{"country":{"S":"US"},"state":{"S":""},"postal_code":{"S":"84445"},"city":{"S":""},"line2":{"S":""},"line1":{"S":""}}}]},"id":{"S":"72935485-744c-4333-84a8-fa13dfe067aa"},"email":{"S":"mohamedthawfeek96@gmail.com"},"name":{"S":"mohamed"}}
{"paymentId":{"S":"pi_3MZsM2IAbvjmWp3N1Gobkf13"},"paymentStatus":{"S":"paid"},"updatedAt":{"N":"1676027667906"},"createdAt":{"N":"1676027667906"},"amount":{"N":"60"},"paymentMethod":{"S":"card"},"customerDetails":{"L":[{"M":{"country":{"S":"US"},"state":{"S":""},"postal_code":{"S":"84445"},"city":{"S":""},"line2":{"S":""},"line1":{"S":""}}}]},"id":{"S":"fee58505-338b-407a-8afb-040d544b12b6"},"email":{"S":"mohamedthawfeek96@gmail.com"},"name":{"S":"mohamed"}}
{"paymentId":{"S":"pi_3MZsM2IAbvjmWp3N1Gobkf13"},"paymentStatus":{"S":"paid"},"updatedAt":{"N":"1676027632781"},"createdAt":{"N":"1676027632781"},"amount":{"N":"60"},"paymentMethod":{"S":"card"},"customerDetails":{"L":[{"M":{"country":{"S":"US"},"state":{"S":""},"postal_code":{"S":"84445"},"city":{"S":""},"line2":{"S":""},"line1":{"S":""}}}]},"id":{"S":"46cdcb3d-2f5d-4ea3-ac48-422ef64c4858"},"email":{"S":"mohamedthawfeek96@gmail.com"},"name":{"S":"mohamed"}}
{"paymentId":{"S":"pi_3MtXjBIAbvjmWp3N1DetMU6H"},"paymentStatus":{"S":"paid"},"updatedAt":{"N":"1680706501346"},"createdAt":{"N":"1680706501346"},"amount":{"N":"88"},"paymentMethod":{"S":"card"},"customerDetails":{"L":[{"M":{"country":{"S":"IN"},"state":{"S":""},"postal_code":{"S":""},"city":{"S":""},"line2":{"S":""},"line1":{"S":""}}}]},"id":{"S":"d1b39cd9-e41a-45b1-b5f6-57e81907bcac"},"email":{"S":"ensqvsqwpzopx@eurokool.com"},"name":{"S":"asdasd"}}
{"paymentId":{"S":"pi_3McXQ8IAbvjmWp3N0Aw1GHx0"},"paymentStatus":{"S":"paid"},"updatedAt":{"N":"1676653728897"},"createdAt":{"N":"1676653728897"},"amount":{"N":"80"},"paymentMethod":{"S":"card"},"customerDetails":{"L":[{"M":{"country":{"S":"US"},"state":{"S":""},"postal_code":{"S":"84445"},"city":{"S":""},"line2":{"S":""},"line1":{"S":""}}}]},"id":{"S":"e807f1b9-64e3-4452-9025-1cd1faa38388"},"email":{"S":"mohamedthawfeek96@gmail.com"},"name":{"S":"mohamed"}}
{"paymentId":{"S":"PAYID-MPVBU5I0LD93150LK8462216"},"paymentStatus":{"S":"approved"},"updatedAt":{"N":"1676286605220"},"createdAt":{"N":"1676286605220"},"amount":{"N":"88"},"paymentMethod":{"S":"paypal"},"customerDetails":{"L":[{"M":{"country":{"S":"US"},"state":{"S":"CA"},"postal_code":{"S":"95131"},"city":{"S":"San Jose"},"line2":{"S":""},"line1":{"S":"1 Main St"}}}]},"id":{"S":"9da79289-949d-4550-a9e5-9df994770a5e"},"email":{"S":"sb-uy243x12992452@personal.example.com"},"name":{"S":"John Doe"}}
{"paymentId":{"S":"pi_3MZWahIAbvjmWp3N0QLHrfd9"},"paymentStatus":{"S":"paid"},"updatedAt":{"N":"1675935756635"},"createdAt":{"N":"1675935756635"},"amount":{"N":"50"},"paymentMethod":{"S":"card"},"customerDetails":{"L":[{"M":{"country":{"S":"US"},"state":{"S":""},"postal_code":{"S":"84445"},"city":{"S":""},"line2":{"S":""},"line1":{"S":""}}}]},"id":{"S":"371b3ac1-2a3d-49ae-8e22-d3c92ce40b95"},"email":{"S":"mohamedthawfeek96@gmail.com"},"name":{"S":"mohamed"}}
{"paymentId":{"S":"pi_3MZoouIAbvjmWp3N1OS2i12O"},"paymentStatus":{"S":"paid"},"updatedAt":{"N":"1676005656231"},"createdAt":{"N":"1676005656231"},"amount":{"N":"80"},"paymentMethod":{"S":"card"},"customerDetails":{"L":[{"M":{"country":{"S":"US"},"state":{"S":""},"postal_code":{"S":"84445"},"city":{"S":""},"line2":{"S":""},"line1":{"S":""}}}]},"id":{"S":"15ccc549-9d60-4087-927c-cee59d118cfc"},"email":{"S":"mohamedthawfeek96@gmail.com"},"name":{"S":"mohamed"}}
{"paymentId":{"S":"PAYID-MPU5FVY79D719728T114024T"},"paymentStatus":{"S":"approved"},"updatedAt":{"N":"1676271284464"},"createdAt":{"N":"1676271284464"},"amount":{"N":"99"},"paymentMethod":{"S":"paypal"},"customerDetails":{"L":[{"M":{"country":{"S":"US"},"state":{"S":"CA"},"postal_code":{"S":"95131"},"city":{"S":"San Jose"},"line2":{"S":""},"line1":{"S":"1 Main St"}}}]},"id":{"S":"340b4343-b0bb-4745-a4ab-a52b0b774271"},"email":{"S":"sb-uy243x12992452@personal.example.com"},"name":{"S":"John Doe"}}
{"paymentId":{"S":"pi_3Mb0BaIAbvjmWp3N1Bdlo6kv"},"paymentStatus":{"S":"paid"},"updatedAt":{"N":"1676287647555"},"createdAt":{"N":"1676287647555"},"amount":{"N":"80"},"paymentMethod":{"S":"card"},"customerDetails":{"L":[{"M":{"country":{"S":"US"},"state":{"S":""},"postal_code":{"S":"84445"},"city":{"S":""},"line2":{"S":""},"line1":{"S":""}}}]},"id":{"S":"a365d29b-24d9-448d-8e90-62f237b320db"},"email":{"S":"mohamedthawfeek96@gmail.com"},"name":{"S":"mohamed"}}
{"paymentId":{"S":"pi_3MZyPbIAbvjmWp3N0Iw7vl0S"},"paymentStatus":{"S":"paid"},"updatedAt":{"N":"1676043074834"},"createdAt":{"N":"1676043074834"},"amount":{"N":"149"},"paymentMethod":{"S":"card"},"customerDetails":{"L":[{"M":{"country":{"S":"US"},"state":{"S":""},"postal_code":{"S":"84445"},"city":{"S":""},"line2":{"S":""},"line1":{"S":""}}}]},"id":{"S":"5c3cac3f-1a2d-4301-94a0-91c062b41c46"},"email":{"S":"mohamedthawfeek96@gmail.com"},"name":{"S":"mohamed"}}
{"paymentId":{"S":"pi_3MZsM2IAbvjmWp3N1Gobkf13"},"paymentStatus":{"S":"paid"},"updatedAt":{"N":"1676027399514"},"createdAt":{"N":"1676027399514"},"amount":{"N":"60"},"paymentMethod":{"S":"card"},"customerDetails":{"L":[{"M":{"country":{"S":"US"},"state":{"S":""},"postal_code":{"S":"84445"},"city":{"S":""},"line2":{"S":""},"line1":{"S":""}}}]},"id":{"S":"5c909461-8f48-494b-ad86-4ee344db1303"},"email":{"S":"mohamedthawfeek96@gmail.com"},"name":{"S":"mohamed"}}
{"paymentId":{"S":"pi_3MZoujIAbvjmWp3N03ruiOXT"},"paymentStatus":{"S":"paid"},"updatedAt":{"N":"1676005984775"},"createdAt":{"N":"1676005984775"},"amount":{"N":"80"},"paymentMethod":{"S":"card"},"customerDetails":{"L":[{"M":{"country":{"S":"US"},"state":{"S":""},"postal_code":{"S":"84445"},"city":{"S":""},"line2":{"S":""},"line1":{"S":""}}}]},"id":{"S":"251198ae-2bf0-48a9-b959-7d3a16eaedb8"},"email":{"S":"mohamedthawfeek96@gmail.com"},"name":{"S":"mohamed"}}
{"paymentId":{"S":"PAYID-MPVB3QA65J31170YP0796121"},"paymentStatus":{"S":"approved"},"updatedAt":{"N":"1676287448409"},"createdAt":{"N":"1676287448409"},"amount":{"N":"252"},"paymentMethod":{"S":"paypal"},"customerDetails":{"L":[{"M":{"country":{"S":"US"},"state":{"S":"CA"},"postal_code":{"S":"95131"},"city":{"S":"San Jose"},"line2":{"S":""},"line1":{"S":"1 Main St"}}}]},"id":{"S":"ab28034d-38bf-4aa7-87fe-911a3b212fb5"},"email":{"S":"sb-uy243x12992452@personal.example.com"},"name":{"S":"John Doe"}}
{"paymentId":{"S":"pi_3MbNEMIAbvjmWp3N1YXdTWs2"},"paymentStatus":{"S":"paid"},"updatedAt":{"N":"1676376252644"},"createdAt":{"N":"1676376252644"},"amount":{"N":"78"},"paymentMethod":{"S":"card"},"customerDetails":{"L":[{"M":{"country":{"S":"BD"},"state":{"S":""},"postal_code":{"S":""},"city":{"S":""},"line2":{"S":""},"line1":{"S":""}}}]},"id":{"S":"91dcadb7-b800-47bb-a5a7-474213dcb9e7"},"email":{"S":"emondaspeacock@gmail.com"},"name":{"S":"Emon"}}
{"paymentId":{"S":"PAYID-MPS5HLI3CY9920943702891T"},"paymentStatus":{"S":"approved"},"updatedAt":{"N":"1676006905721"},"createdAt":{"N":"1676006905721"},"amount":{"N":"80"},"paymentMethod":{"S":"paypal"},"customerDetails":{"L":[{"M":{"country":{"S":"US"},"state":{"S":"CA"},"postal_code":{"S":"95131"},"city":{"S":"San Jose"},"line2":{"S":""},"line1":{"S":"1 Main St"}}}]},"id":{"S":"e96a3e92-33f7-4e8c-813c-86ad6f1e58c0"},"email":{"S":"sb-uy243x12992452@personal.example.com"},"name":{"S":"John Doe"}}
{"paymentId":{"S":"pi_3MZAssIAbvjmWp3N1Z4o5Dau"},"paymentStatus":{"S":"paid"},"updatedAt":{"N":"1675852211165"},"createdAt":{"N":"1675852211165"},"amount":{"N":"80"},"paymentMethod":{"S":"card"},"customerDetails":{"L":[{"M":{"country":{"S":"US"},"state":{"S":""},"postal_code":{"S":"84445"},"city":{"S":""},"line2":{"S":""},"line1":{"S":""}}}]},"id":{"S":"4626d61c-f3b7-4c5a-8e8e-6c44f1f5e1fc"},"email":{"S":"jacksonkasipeacock@gmail.com"},"name":{"S":"mohamed Thawfeek"}}
{"paymentId":{"S":"PAYID-MPW36QY94D75699PG3654452"},"paymentStatus":{"S":"approved"},"updatedAt":{"N":"1676525395274"},"createdAt":{"N":"1676525395274"},"amount":{"N":"88"},"paymentMethod":{"S":"paypal"},"customerDetails":{"L":[{"M":{"country":{"S":"US"},"state":{"S":"CA"},"postal_code":{"S":"95131"},"city":{"S":"San Jose"},"line2":{"S":""},"line1":{"S":"1 Main St"}}}]},"id":{"S":"d8d82f74-a372-45d6-a0da-0ac4780aaddb"},"email":{"S":"sb-uy243x12992452@personal.example.com"},"name":{"S":"John Doe"}}
{"paymentId":{"S":"pi_3MZoyYIAbvjmWp3N1qeAazJk"},"paymentStatus":{"S":"paid"},"updatedAt":{"N":"1676006226073"},"createdAt":{"N":"1676006226073"},"amount":{"N":"80"},"paymentMethod":{"S":"card"},"customerDetails":{"L":[{"M":{"country":{"S":"US"},"state":{"S":""},"postal_code":{"S":"84445"},"city":{"S":""},"line2":{"S":""},"line1":{"S":""}}}]},"id":{"S":"f13e048d-b69d-4f30-a0fa-d7fba744c3a9"},"email":{"S":"mohamedthawfeek96@gmail.com"},"name":{"S":"mohamed"}}
{"paymentId":{"S":"pi_3MbzbCIAbvjmWp3N1N97jsCH"},"paymentStatus":{"S":"paid"},"updatedAt":{"N":"1676523796090"},"createdAt":{"N":"1676523796090"},"amount":{"N":"88"},"paymentMethod":{"S":"card"},"customerDetails":{"L":[{"M":{"country":{"S":"IN"},"state":{"S":""},"postal_code":{"S":""},"city":{"S":""},"line2":{"S":""},"line1":{"S":""}}}]},"id":{"S":"5d8160ce-09af-4583-809a-5ef8afa5d1dd"},"email":{"S":"thawfeek96@gmail.com"},"name":{"S":"mohamed"}}
{"paymentId":{"S":"PAYID-MPS5HLI3CY9920943702891T"},"paymentStatus":{"S":"approved"},"updatedAt":{"N":"1676006706074"},"createdAt":{"N":"1676006706074"},"amount":{"N":"80"},"paymentMethod":{"S":"paypal"},"customerDetails":{"L":[{"M":{"country":{"S":"US"},"state":{"S":"CA"},"postal_code":{"S":"95131"},"city":{"S":"San Jose"},"line2":{"S":""},"line1":{"S":"1 Main St"}}}]},"id":{"S":"d6e37852-aa82-415b-a55f-c508872d184b"},"email":{"S":"sb-uy243x12992452@personal.example.com"},"name":{"S":"John Doe"}}
{"paymentId":{"S":"pi_3MZsM2IAbvjmWp3N1Gobkf13"},"paymentStatus":{"S":"paid"},"updatedAt":{"N":"1676026866365"},"createdAt":{"N":"1676026866365"},"amount":{"N":"60"},"paymentMethod":{"S":"card"},"customerDetails":{"L":[{"M":{"country":{"S":"US"},"state":{"S":""},"postal_code":{"S":"84445"},"city":{"S":""},"line2":{"S":""},"line1":{"S":""}}}]},"id":{"S":"4deba81d-5792-44fd-b352-1777139ac098"},"email":{"S":"mohamedthawfeek96@gmail.com"},"name":{"S":"mohamed"}}
{"paymentId":{"S":"pi_3MmW4KIAbvjmWp3N0VWW0R31"},"paymentStatus":{"S":"paid"},"updatedAt":{"N":"1679031875105"},"createdAt":{"N":"1679031875105"},"amount":{"N":"166"},"paymentMethod":{"S":"card"},"customerDetails":{"L":[{"M":{"country":{"S":"US"},"state":{"S":""},"postal_code":{"S":"35865"},"city":{"S":""},"line2":{"S":""},"line1":{"S":""}}}]},"id":{"S":"220f2866-4dd3-4b6a-bbe3-069d6890b694"},"email":{"S":"jeyavignesh28101999@gmail.com"},"name":{"S":"vignesh"}}
{"paymentId":{"S":"pi_3Mc4IjIAbvjmWp3N1hWVVxXn"},"paymentStatus":{"S":"paid"},"updatedAt":{"N":"1676541790382"},"createdAt":{"N":"1676541790382"},"amount":{"N":"88"},"paymentMethod":{"S":"card"},"customerDetails":{"L":[{"M":{"country":{"S":"US"},"state":{"S":""},"postal_code":{"S":"84445"},"city":{"S":""},"line2":{"S":""},"line1":{"S":""}}}]},"id":{"S":"8298b421-adba-4c4f-b368-8992569f7075"},"email":{"S":"mohamedthawfeek96@gmail.com"},"name":{"S":"mohamed"}}
{"paymentId":{"S":"pi_3MeyNMIAbvjmWp3N14MHJHfV"},"paymentStatus":{"S":"paid"},"updatedAt":{"N":"1677234032064"},"createdAt":{"N":"1677234032064"},"amount":{"N":"75"},"paymentMethod":{"S":"card"},"customerDetails":{"L":[{"M":{"country":{"S":"US"},"state":{"S":""},"postal_code":{"S":"84445"},"city":{"S":""},"line2":{"S":""},"line1":{"S":""}}}]},"id":{"S":"82b1d0a4-4ea1-4e6a-aa11-847cedbd5c63"},"email":{"S":"mohamedthawfeek96@gmail.com"},"name":{"S":"mohamed"}}
{"paymentId":{"S":"pi_3MZsN3IAbvjmWp3N1krvumdn"},"paymentStatus":{"S":"paid"},"updatedAt":{"N":"1676019275721"},"createdAt":{"N":"1676019275721"},"amount":{"N":"40"},"paymentMethod":{"S":"card"},"customerDetails":{"L":[{"M":{"country":{"S":"US"},"state":{"S":""},"postal_code":{"S":"84445"},"city":{"S":""},"line2":{"S":""},"line1":{"S":""}}}]},"id":{"S":"cb70c103-47a5-4883-8aad-5f7f5eaa79c6"},"email":{"S":"mohamedthawfeek96@gmail.com"},"name":{"S":"mohamed"}}
{"paymentId":{"S":"pi_3Mc1DyIAbvjmWp3N18PLS9GW"},"paymentStatus":{"S":"paid"},"updatedAt":{"N":"1676529972328"},"createdAt":{"N":"1676529972328"},"amount":{"N":"80"},"paymentMethod":{"S":"card"},"customerDetails":{"L":[{"M":{"country":{"S":"US"},"state":{"S":""},"postal_code":{"S":"84445"},"city":{"S":""},"line2":{"S":""},"line1":{"S":""}}}]},"id":{"S":"12e4d5e4-cd2b-4bd4-be73-4cd140c4d952"},"email":{"S":"mohamedthawfeek96@gmail.com"},"name":{"S":"mohamed"}}
{"paymentId":{"S":"pi_3Mh4BSIAbvjmWp3N04zm3zhk"},"paymentStatus":{"S":"paid"},"updatedAt":{"N":"1677732977647"},"createdAt":{"N":"1677732977647"},"amount":{"N":"30"},"paymentMethod":{"S":"card"},"customerDetails":{"L":[{"M":{"country":{"S":"US"},"state":{"S":""},"postal_code":{"S":"84445"},"city":{"S":""},"line2":{"S":""},"line1":{"S":""}}}]},"id":{"S":"26472fd5-39f6-4c38-8b59-480063ea73df"},"email":{"S":"mohamedthawfeek96@gmail.com"},"name":{"S":"mohamed"}}
{"paymentId":{"S":"PAYID-MPW3PKY2FS29213MU8402534"},"paymentStatus":{"S":"approved"},"updatedAt":{"N":"1676523454868"},"createdAt":{"N":"1676523454868"},"amount":{"N":"164"},"paymentMethod":{"S":"paypal"},"customerDetails":{"L":[{"M":{"country":{"S":"US"},"state":{"S":"CA"},"postal_code":{"S":"95131"},"city":{"S":"San Jose"},"line2":{"S":""},"line1":{"S":"1 Main St"}}}]},"id":{"S":"075b1d70-a563-42d6-9213-4e0c0a487514"},"email":{"S":"sb-uy243x12992452@personal.example.com"},"name":{"S":"John Doe"}}
{"paymentId":{"S":"pi_3MZSHqIAbvjmWp3N0QUEi7Yr"},"paymentStatus":{"S":"paid"},"updatedAt":{"N":"1675919006528"},"createdAt":{"N":"1675919006528"},"amount":{"N":"30"},"paymentMethod":{"S":"card"},"customerDetails":{"L":[{"M":{"country":{"S":"US"},"state":{"S":""},"postal_code":{"S":"84445"},"city":{"S":""},"line2":{"S":""},"line1":{"S":""}}}]},"id":{"S":"c799d94b-72c0-4bde-8404-0c108883a844"},"email":{"S":"mohamedthawfeek96@gmail.com"},"name":{"S":"jakson kasi"}}
{"paymentId":{"S":"pi_3MZV4BIAbvjmWp3N0Te2FeWD"},"paymentStatus":{"S":"paid"},"updatedAt":{"N":"1675929697984"},"createdAt":{"N":"1675929697984"},"amount":{"N":"60"},"paymentMethod":{"S":"card"},"customerDetails":{"L":[{"M":{"country":{"S":"US"},"state":{"S":""},"postal_code":{"S":"84445"},"city":{"S":""},"line2":{"S":""},"line1":{"S":""}}}]},"id":{"S":"30c91520-31c9-4f9b-9332-547eed60a812"},"email":{"S":"mohamedthawfeek96@gmail.com"},"name":{"S":"mohamed"}}
{"paymentId":{"S":"PAYID-MPU5FVY79D719728T114024T"},"paymentStatus":{"S":"approved"},"updatedAt":{"N":"1676270904203"},"createdAt":{"N":"1676270904203"},"amount":{"N":"40"},"paymentMethod":{"S":"paypal"},"customerDetails":{"L":[{"M":{"country":{"S":"US"},"state":{"S":"CA"},"postal_code":{"S":"95131"},"city":{"S":"San Jose"},"line2":{"S":""},"line1":{"S":"1 Main St"}}}]},"id":{"S":"a9558c69-5f47-41f9-bbeb-9ffd73b9b4bc"},"email":{"S":"sb-uy243x12992452@personal.example.com"},"name":{"S":"John Doe"}}
{"paymentId":{"S":"PAYID-MPW4MSY3YY16196TE719211N"},"paymentStatus":{"S":"approved"},"updatedAt":{"N":"1676527203502"},"createdAt":{"N":"1676527203502"},"amount":{"N":"120"},"paymentMethod":{"S":"paypal"},"customerDetails":{"L":[{"M":{"country":{"S":"US"},"state":{"S":"CA"},"postal_code":{"S":"95131"},"city":{"S":"San Jose"},"line2":{"S":""},"line1":{"S":"1 Main St"}}}]},"id":{"S":"58dd071b-cbf9-486d-9d85-695dfca8e4bd"},"email":{"S":"sb-uy243x12992452@personal.example.com"},"name":{"S":"John Doe"}}
{"paymentId":{"S":"pi_3McOCtIAbvjmWp3N0VkBswnL"},"paymentStatus":{"S":"paid"},"updatedAt":{"N":"1676943842547"},"createdAt":{"N":"1676943842547"},"amount":{"N":"209"},"paymentMethod":{"S":"card"},"customerDetails":{"L":[{"M":{"country":{"S":"US"},"state":{"S":""},"postal_code":{"S":"20200"},"city":{"S":""},"line2":{"S":""},"line1":{"S":""}}}]},"id":{"S":"e1c7f034-c295-4cfe-a99a-1d1e32105955"},"email":{"S":"bajide18@gmail.com"},"name":{"S":"John Doe"}}
{"paymentId":{"S":"PAYID-MPS5HLI3CY9920943702891T"},"paymentStatus":{"S":"approved"},"updatedAt":{"N":"1676006333580"},"createdAt":{"N":"1676006333580"},"amount":{"N":"80"},"paymentMethod":{"S":"paypal"},"customerDetails":{"L":[{"M":{"country":{"S":"US"},"state":{"S":"CA"},"postal_code":{"S":"95131"},"city":{"S":"San Jose"},"line2":{"S":""},"line1":{"S":"1 Main St"}}}]},"id":{"S":"ffdf28f5-d98b-4a40-9a30-af62388cc00d"},"email":{"S":"sb-uy243x12992452@personal.example.com"},"name":{"S":"John Doe"}}
{"paymentId":{"S":"pi_3MZV86IAbvjmWp3N1Y13tuEl"},"paymentStatus":{"S":"paid"},"updatedAt":{"N":"1675929935812"},"createdAt":{"N":"1675929935812"},"amount":{"N":"50"},"paymentMethod":{"S":"card"},"customerDetails":{"L":[{"M":{"country":{"S":"US"},"state":{"S":""},"postal_code":{"S":"84445"},"city":{"S":""},"line2":{"S":""},"line1":{"S":""}}}]},"id":{"S":"64105cf1-f9f6-42e8-9ae3-e1db8991178c"},"email":{"S":"mohamedthawfeek96@gmail.com"},"name":{"S":"mohamed"}}
{"paymentId":{"S":"PAYID-MPVBWFI24V10143HV323162H"},"paymentStatus":{"S":"approved"},"updatedAt":{"N":"1676286762248"},"createdAt":{"N":"1676286762248"},"amount":{"N":"88"},"paymentMethod":{"S":"paypal"},"customerDetails":{"L":[{"M":{"country":{"S":"US"},"state":{"S":"CA"},"postal_code":{"S":"95131"},"city":{"S":"San Jose"},"line2":{"S":""},"line1":{"S":"1 Main St"}}}]},"id":{"S":"832c67a6-f4cf-4aa2-991d-9222b8fa1caa"},"email":{"S":"sb-uy243x12992452@personal.example.com"},"name":{"S":"John Doe"}}
{"paymentId":{"S":"pi_3Mf26kIAbvjmWp3N0VhVWxn2"},"paymentStatus":{"S":"paid"},"updatedAt":{"N":"1677248345060"},"createdAt":{"N":"1677248345060"},"amount":{"N":"58"},"paymentMethod":{"S":"card"},"customerDetails":{"L":[{"M":{"country":{"S":"US"},"state":{"S":""},"postal_code":{"S":"84445"},"city":{"S":""},"line2":{"S":""},"line1":{"S":""}}}]},"id":{"S":"34a34e97-c176-4a54-9bca-4c18e54cacba"},"email":{"S":"mohamedthawfeek96@gmail.com"},"name":{"S":"mohamed"}}
{"paymentId":{"S":"pi_3MZsM2IAbvjmWp3N1Gobkf13"},"paymentStatus":{"S":"paid"},"updatedAt":{"N":"1676026727365"},"createdAt":{"N":"1676026727365"},"amount":{"N":"60"},"paymentMethod":{"S":"card"},"customerDetails":{"L":[{"M":{"country":{"S":"US"},"state":{"S":""},"postal_code":{"S":"84445"},"city":{"S":""},"line2":{"S":""},"line1":{"S":""}}}]},"id":{"S":"3dcf4965-f817-436b-9062-863cb745ba19"},"email":{"S":"mohamedthawfeek96@gmail.com"},"name":{"S":"mohamed"}}
{"paymentId":{"S":"PAYID-MPU5FVY79D719728T114024T"},"paymentStatus":{"S":"approved"},"updatedAt":{"N":"1676268267140"},"createdAt":{"N":"1676268267140"},"amount":{"N":"40"},"paymentMethod":{"S":"paypal"},"customerDetails":{"L":[{"M":{"country":{"S":"US"},"state":{"S":"CA"},"postal_code":{"S":"95131"},"city":{"S":"San Jose"},"line2":{"S":""},"line1":{"S":"1 Main St"}}}]},"id":{"S":"4b473647-2c8e-484c-ae33-498bfbb9152a"},"email":{"S":"sb-uy243x12992452@personal.example.com"},"name":{"S":"John Doe"}}
{"paymentId":{"S":"pi_3MZb0zIAbvjmWp3N1KlLy3Ft"},"paymentStatus":{"S":"paid"},"updatedAt":{"N":"1675952566475"},"createdAt":{"N":"1675952566475"},"amount":{"N":"50"},"paymentMethod":{"S":"card"},"customerDetails":{"L":[{"M":{"country":{"S":"US"},"state":{"S":""},"postal_code":{"S":"84445"},"city":{"S":""},"line2":{"S":""},"line1":{"S":""}}}]},"id":{"S":"734f5158-7e46-44ee-b8b9-a9e48409a12d"},"email":{"S":"vvmowgaxdwwjm@triots.com"},"name":{"S":"mohamed"}}
{"paymentId":{"S":"pi_3Mc1qqIAbvjmWp3N1NkzHZBY"},"paymentStatus":{"S":"paid"},"updatedAt":{"N":"1676532381072"},"createdAt":{"N":"1676532381072"},"amount":{"N":"252"},"paymentMethod":{"S":"card"},"customerDetails":{"L":[{"M":{"country":{"S":"US"},"state":{"S":""},"postal_code":{"S":"84445"},"city":{"S":""},"line2":{"S":""},"line1":{"S":""}}}]},"id":{"S":"b3d0ac8f-5baf-40d9-ac5f-22451e60d590"},"email":{"S":"mohamedthawfeek96@gmail.com"},"name":{"S":"mohamed"}}
{"paymentId":{"S":"pi_3MetYJIAbvjmWp3N1eQnGkaf"},"paymentStatus":{"S":"paid"},"updatedAt":{"N":"1677215482946"},"createdAt":{"N":"1677215482946"},"amount":{"N":"33"},"paymentMethod":{"S":"card"},"customerDetails":{"L":[{"M":{"country":{"S":"US"},"state":{"S":""},"postal_code":{"S":"84445"},"city":{"S":""},"line2":{"S":""},"line1":{"S":""}}}]},"id":{"S":"47127147-4145-4e41-b993-12ddc03d1799"},"email":{"S":"thawfeek@mailinator.com"},"name":{"S":"mohamed"}}
{"paymentId":{"S":"pi_3MhSt4IAbvjmWp3N1UFkIh7p"},"paymentStatus":{"S":"paid"},"updatedAt":{"N":"1677828006166"},"createdAt":{"N":"1677828006166"},"amount":{"N":"66"},"paymentMethod":{"S":"card"},"customerDetails":{"L":[{"M":{"country":{"S":"US"},"state":{"S":""},"postal_code":{"S":"35864"},"city":{"S":""},"line2":{"S":""},"line1":{"S":""}}}]},"id":{"S":"2f68e380-c452-4d5e-9a94-94af60939a61"},"email":{"S":"mohamedthawfeek96@gmail.com"},"name":{"S":",jkiyuk"}}
{"paymentId":{"S":"pi_3MmgQMIAbvjmWp3N1nRtNqfU"},"paymentStatus":{"S":"paid"},"updatedAt":{"N":"1679071617276"},"createdAt":{"N":"1679071617276"},"amount":{"N":"30"},"paymentMethod":{"S":"card"},"customerDetails":{"L":[{"M":{"country":{"S":"US"},"state":{"S":""},"postal_code":{"S":"84445"},"city":{"S":""},"line2":{"S":""},"line1":{"S":""}}}]},"id":{"S":"1ad9f967-93fc-4757-9bb4-1db8acf6f529"},"email":{"S":"mohamedthawfeek96@gmail.com"},"name":{"S":"mohame"}}
{"paymentId":{"S":"pi_3Mf37WIAbvjmWp3N1YHs2dhw"},"paymentStatus":{"S":"paid"},"updatedAt":{"N":"1677252256898"},"createdAt":{"N":"1677252256898"},"amount":{"N":"33"},"paymentMethod":{"S":"card"},"customerDetails":{"L":[{"M":{"country":{"S":"US"},"state":{"S":""},"postal_code":{"S":"84445"},"city":{"S":""},"line2":{"S":""},"line1":{"S":""}}}]},"id":{"S":"d8f08d86-e7c2-463b-a256-a38610630df5"},"email":{"S":"thawfeek1@mailinator.com"},"name":{"S":"mohamed"}}
{"paymentId":{"S":"PAYID-MPVBTIY3RY590132F924791S"},"paymentStatus":{"S":"approved"},"updatedAt":{"N":"1676286391054"},"createdAt":{"N":"1676286391054"},"amount":{"N":"88"},"paymentMethod":{"S":"paypal"},"customerDetails":{"L":[{"M":{"country":{"S":"US"},"state":{"S":"CA"},"postal_code":{"S":"95131"},"city":{"S":"San Jose"},"line2":{"S":""},"line1":{"S":"1 Main St"}}}]},"id":{"S":"d8960aca-0bc4-41d8-b53c-9c27cf851137"},"email":{"S":"sb-uy243x12992452@personal.example.com"},"name":{"S":"John Doe"}}
{"paymentId":{"S":"pi_3Mmg2oIAbvjmWp3N0GaqxHwJ"},"paymentStatus":{"S":"paid"},"updatedAt":{"N":"1679070808872"},"createdAt":{"N":"1679070808872"},"amount":{"N":"35"},"paymentMethod":{"S":"card"},"customerDetails":{"L":[{"M":{"country":{"S":"US"},"state":{"S":""},"postal_code":{"S":"84445"},"city":{"S":""},"line2":{"S":""},"line1":{"S":""}}}]},"id":{"S":"222405e3-2f5f-4040-9a50-9ebae6d1bb52"},"email":{"S":"mohamedthawfeek96@gmail.com"},"name":{"S":"mohame"}}
{"paymentId":{"S":"pi_3Mbz6PIAbvjmWp3N00POV2HD"},"paymentStatus":{"S":"paid"},"updatedAt":{"N":"1676521809779"},"createdAt":{"N":"1676521809779"},"amount":{"N":"252"},"paymentMethod":{"S":"card"},"customerDetails":{"L":[{"M":{"country":{"S":"US"},"state":{"S":""},"postal_code":{"S":"84445"},"city":{"S":""},"line2":{"S":""},"line1":{"S":""}}}]},"id":{"S":"005362b0-5e2c-4de2-9f0f-9cc6ea61236f"},"email":{"S":"mohamedthawfeek96@gmail.com"},"name":{"S":"mohamed"}}
{"paymentId":{"S":"pi_3MZVhHIAbvjmWp3N0Kq05FxS"},"paymentStatus":{"S":"paid"},"updatedAt":{"N":"1675932118723"},"createdAt":{"N":"1675932118723"},"amount":{"N":"40"},"paymentMethod":{"S":"card"},"customerDetails":{"L":[{"M":{"country":{"S":"US"},"state":{"S":""},"postal_code":{"S":"84445"},"city":{"S":""},"line2":{"S":""},"line1":{"S":""}}}]},"id":{"S":"feeb04ae-6eb2-485d-8a80-3568b3fe97d0"},"email":{"S":"mohamedthawfeek96@gmail.com"},"name":{"S":"mohamed"}}
{"paymentId":{"S":"PAYID-MPU52RQ3V045452YP726194C"},"paymentStatus":{"S":"approved"},"updatedAt":{"N":"1676271284534"},"createdAt":{"N":"1676271284534"},"amount":{"N":"99"},"paymentMethod":{"S":"paypal"},"customerDetails":{"L":[{"M":{"country":{"S":"US"},"state":{"S":"CA"},"postal_code":{"S":"95131"},"city":{"S":"San Jose"},"line2":{"S":""},"line1":{"S":"1 Main St"}}}]},"id":{"S":"8827a95e-f261-4630-b313-7490be48b898"},"email":{"S":"sb-uy243x12992452@personal.example.com"},"name":{"S":"John Doe"}}
{"paymentId":{"S":"pi_3McOCtIAbvjmWp3N0VkBswnL"},"paymentStatus":{"S":"paid"},"updatedAt":{"N":"1676618345471"},"createdAt":{"N":"1676618345471"},"amount":{"N":"209"},"paymentMethod":{"S":"card"},"customerDetails":{"L":[{"M":{"country":{"S":"US"},"state":{"S":""},"postal_code":{"S":"20200"},"city":{"S":""},"line2":{"S":""},"line1":{"S":""}}}]},"id":{"S":"1228f579-6c3d-4e48-95ba-9d66e062ee5f"},"email":{"S":"bajide18@gmail.com"},"name":{"S":"John Doe"}}
{"paymentId":{"S":"pi_3MjcIgIAbvjmWp3N1iu5YAyE"},"paymentStatus":{"S":"paid"},"updatedAt":{"N":"1678340805628"},"createdAt":{"N":"1678340805628"},"amount":{"N":"25"},"paymentMethod":{"S":"card"},"customerDetails":{"L":[{"M":{"country":{"S":"BD"},"state":{"S":""},"postal_code":{"S":""},"city":{"S":""},"line2":{"S":""},"line1":{"S":""}}}]},"id":{"S":"35f5f41b-1dc4-48c1-a722-aafc4edb1429"},"email":{"S":"emondaspeacock@gmail.com"},"name":{"S":"Emon Das"}}
{"paymentId":{"S":"pi_3MbzbCIAbvjmWp3N1N97jsCH"},"paymentStatus":{"S":"paid"},"updatedAt":{"N":"1676523961655"},"createdAt":{"N":"1676523961655"},"amount":{"N":"88"},"paymentMethod":{"S":"card"},"customerDetails":{"L":[{"M":{"country":{"S":"IN"},"state":{"S":""},"postal_code":{"S":""},"city":{"S":""},"line2":{"S":""},"line1":{"S":""}}}]},"id":{"S":"74bf74d0-7302-4976-b215-6f1b91db78a1"},"email":{"S":"thawfeek96@gmail.com"},"name":{"S":"mohamed"}}
{"paymentId":{"S":"pi_3Maz0LIAbvjmWp3N0GOsJXr4"},"paymentStatus":{"S":"paid"},"updatedAt":{"N":"1676283114206"},"createdAt":{"N":"1676283114206"},"amount":{"N":"252"},"paymentMethod":{"S":"card"},"customerDetails":{"L":[{"M":{"country":{"S":"US"},"state":{"S":""},"postal_code":{"S":"84445"},"city":{"S":""},"line2":{"S":""},"line1":{"S":""}}}]},"id":{"S":"f9d9f874-5eae-4b17-bdc4-a9db2c18d0ea"},"email":{"S":"mohamedthawfeek96@gmail.com"},"name":{"S":"mohamed"}}
{"paymentId":{"S":"pi_3MZWahIAbvjmWp3N0QLHrfd9"},"paymentStatus":{"S":"paid"},"updatedAt":{"N":"1675936008845"},"createdAt":{"N":"1675936008845"},"amount":{"N":"50"},"paymentMethod":{"S":"card"},"customerDetails":{"L":[{"M":{"country":{"S":"US"},"state":{"S":""},"postal_code":{"S":"84445"},"city":{"S":""},"line2":{"S":""},"line1":{"S":""}}}]},"id":{"S":"34c3fa62-b356-4870-958b-2c23b4c653e2"},"email":{"S":"mohamedthawfeek96@gmail.com"},"name":{"S":"mohamed"}}
{"paymentId":{"S":"pi_3MZb0zIAbvjmWp3N1KlLy3Ft"},"paymentStatus":{"S":"paid"},"updatedAt":{"N":"1676263944549"},"createdAt":{"N":"1676263944549"},"amount":{"N":"50"},"paymentMethod":{"S":"card"},"customerDetails":{"L":[{"M":{"country":{"S":"US"},"state":{"S":""},"postal_code":{"S":"84445"},"city":{"S":""},"line2":{"S":""},"line1":{"S":""}}}]},"id":{"S":"13d00d15-297d-4297-9a29-286255b87c16"},"email":{"S":"vvmowgaxdwwjm@triots.com"},"name":{"S":"mohamed"}}
{"paymentId":{"S":"pi_3MZypRIAbvjmWp3N0MV2n5xa"},"paymentStatus":{"S":"paid"},"updatedAt":{"N":"1676044099237"},"createdAt":{"N":"1676044099237"},"amount":{"N":"80"},"paymentMethod":{"S":"card"},"customerDetails":{"L":[{"M":{"country":{"S":"US"},"state":{"S":""},"postal_code":{"S":"84445"},"city":{"S":""},"line2":{"S":""},"line1":{"S":""}}}]},"id":{"S":"a9f5dd1e-a767-4a7d-b081-dea6cb6bfb73"},"email":{"S":"mohamedthawfeek96@gmail.com"},"name":{"S":"mohamed"}}
{"paymentId":{"S":"pi_3MZpnMIAbvjmWp3N1iKmTkSA"},"paymentStatus":{"S":"paid"},"updatedAt":{"N":"1676009372894"},"createdAt":{"N":"1676009372894"},"amount":{"N":"80"},"paymentMethod":{"S":"card"},"customerDetails":{"L":[{"M":{"country":{"S":"US"},"state":{"S":""},"postal_code":{"S":"84445"},"city":{"S":""},"line2":{"S":""},"line1":{"S":""}}}]},"id":{"S":"64e91e1d-cef2-4c70-b5f7-9252032db109"},"email":{"S":"mohamedthawfeek96@gmail.com"},"name":{"S":"mohamed"}}
{"paymentId":{"S":"PAYID-MPVBLOQ2VP83601J11711405"},"paymentStatus":{"S":"approved"},"updatedAt":{"N":"1676285746869"},"createdAt":{"N":"1676285746869"},"amount":{"N":"398"},"paymentMethod":{"S":"paypal"},"customerDetails":{"L":[{"M":{"country":{"S":"US"},"state":{"S":"CA"},"postal_code":{"S":"95131"},"city":{"S":"San Jose"},"line2":{"S":""},"line1":{"S":"1 Main St"}}}]},"id":{"S":"b1766cda-90e8-4dcd-9894-2bee68ac3b51"},"email":{"S":"sb-uy243x12992452@personal.example.com"},"name":{"S":"John Doe"}}
{"paymentId":{"S":"pi_3MmgG9IAbvjmWp3N0EERsc7e"},"paymentStatus":{"S":"paid"},"updatedAt":{"N":"1679071170131"},"createdAt":{"N":"1679071170131"},"amount":{"N":"35"},"paymentMethod":{"S":"card"},"customerDetails":{"L":[{"M":{"country":{"S":"US"},"state":{"S":""},"postal_code":{"S":"84445"},"city":{"S":""},"line2":{"S":""},"line1":{"S":""}}}]},"id":{"S":"60068a76-57f8-4771-a8d7-0bb4551e111f"},"email":{"S":"mohamedthawfeek96@gmail.com"},"name":{"S":"mohame"}}
{"paymentId":{"S":"PAYID-MPVBLOQ2VP83601J11711405"},"paymentStatus":{"S":"approved"},"updatedAt":{"N":"1676285526585"},"createdAt":{"N":"1676285526585"},"amount":{"N":"398"},"paymentMethod":{"S":"paypal"},"customerDetails":{"L":[{"M":{"country":{"S":"US"},"state":{"S":"CA"},"postal_code":{"S":"95131"},"city":{"S":"San Jose"},"line2":{"S":""},"line1":{"S":"1 Main St"}}}]},"id":{"S":"defce805-2bff-41d2-a329-cf2e483d3b8e"},"email":{"S":"sb-uy243x12992452@personal.example.com"},"name":{"S":"John Doe"}}
{"paymentId":{"S":"PAYID-MPU5FVY79D719728T114024T"},"paymentStatus":{"S":"approved"},"updatedAt":{"N":"1676272240492"},"createdAt":{"N":"1676272240492"},"amount":{"N":"99"},"paymentMethod":{"S":"paypal"},"customerDetails":{"L":[{"M":{"country":{"S":"US"},"state":{"S":"CA"},"postal_code":{"S":"95131"},"city":{"S":"San Jose"},"line2":{"S":""},"line1":{"S":"1 Main St"}}}]},"id":{"S":"e762a9f0-8acd-4d7c-9a84-0e02b47a36ea"},"email":{"S":"sb-uy243x12992452@personal.example.com"},"name":{"S":"John Doe"}}
{"paymentId":{"S":"pi_3MZVaIIAbvjmWp3N104GCXEX"},"paymentStatus":{"S":"paid"},"updatedAt":{"N":"1675931684822"},"createdAt":{"N":"1675931684822"},"amount":{"N":"40"},"paymentMethod":{"S":"card"},"customerDetails":{"L":[{"M":{"country":{"S":"US"},"state":{"S":""},"postal_code":{"S":"84445"},"city":{"S":""},"line2":{"S":""},"line1":{"S":""}}}]},"id":{"S":"ee6aeb96-52fa-423b-8aa3-412fba090589"},"email":{"S":"mohamedthawfeek96@gmail.com"},"name":{"S":"mohamed"}}
{"paymentId":{"S":"pi_3MZyeeIAbvjmWp3N1e28Dqv7"},"paymentStatus":{"S":"paid"},"updatedAt":{"N":"1676043432733"},"createdAt":{"N":"1676043432733"},"amount":{"N":"80"},"paymentMethod":{"S":"card"},"customerDetails":{"L":[{"M":{"country":{"S":"US"},"state":{"S":""},"postal_code":{"S":"84445"},"city":{"S":""},"line2":{"S":""},"line1":{"S":""}}}]},"id":{"S":"24f80ec4-deaf-4ef1-9255-c075983ca460"},"email":{"S":"mohamedthawfeek96@gmail.com"},"name":{"S":"mohamed"}}
{"paymentId":{"S":"pi_3MhQEnIAbvjmWp3N1CMepNqd"},"paymentStatus":{"S":"paid"},"updatedAt":{"N":"1677817762540"},"createdAt":{"N":"1677817762540"},"amount":{"N":"66"},"paymentMethod":{"S":"card"},"customerDetails":{"L":[{"M":{"country":{"S":"US"},"state":{"S":""},"postal_code":{"S":"84445"},"city":{"S":""},"line2":{"S":""},"line1":{"S":""}}}]},"id":{"S":"5084a897-7b0d-4b52-9a66-ec393adc9977"},"email":{"S":"mohamedthawfeek96@gmail.com"},"name":{"S":"mohamed"}}
{"paymentId":{"S":"pi_3Mc4S4IAbvjmWp3N0E8gI26C"},"paymentStatus":{"S":"paid"},"updatedAt":{"N":"1676620043291"},"createdAt":{"N":"1676620043291"},"amount":{"N":"252"},"paymentMethod":{"S":"card"},"customerDetails":{"L":[{"M":{"country":{"S":"US"},"state":{"S":""},"postal_code":{"S":"84445"},"city":{"S":""},"line2":{"S":""},"line1":{"S":""}}}]},"id":{"S":"113a0470-ba4a-4f54-a89c-96ac6be4ad59"},"email":{"S":"mohamedthawfeek96@gmail.com"},"name":{"S":"mohamed"}}
{"paymentId":{"S":"PAYID-MPVBU5I0LD93150LK8462216"},"paymentStatus":{"S":"approved"},"updatedAt":{"N":"1676286667435"},"createdAt":{"N":"1676286667435"},"amount":{"N":"88"},"paymentMethod":{"S":"paypal"},"customerDetails":{"L":[{"M":{"country":{"S":"US"},"state":{"S":"CA"},"postal_code":{"S":"95131"},"city":{"S":"San Jose"},"line2":{"S":""},"line1":{"S":"1 Main St"}}}]},"id":{"S":"ce63611c-1fd3-42b8-8ad2-b4bf431aefdf"},"email":{"S":"sb-uy243x12992452@personal.example.com"},"name":{"S":"John Doe"}}
{"paymentId":{"S":"pi_3MZsJyIAbvjmWp3N0dfcbQUP"},"paymentStatus":{"S":"paid"},"updatedAt":{"N":"1676019214368"},"createdAt":{"N":"1676019214368"},"amount":{"N":"40"},"paymentMethod":{"S":"card"},"customerDetails":{"L":[{"M":{"country":{"S":"US"},"state":{"S":""},"postal_code":{"S":"84445"},"city":{"S":""},"line2":{"S":""},"line1":{"S":""}}}]},"id":{"S":"8ddb63db-918c-4995-a301-1cd3e21f9b1d"},"email":{"S":"mohamedthawfeek96@gmail.com"},"name":{"S":"mohamed"}}
{"paymentId":{"S":"PAYID-MPU52RQ3V045452YP726194C"},"paymentStatus":{"S":"approved"},"updatedAt":{"N":"1676271684572"},"createdAt":{"N":"1676271684572"},"amount":{"N":"99"},"paymentMethod":{"S":"paypal"},"customerDetails":{"L":[{"M":{"country":{"S":"US"},"state":{"S":"CA"},"postal_code":{"S":"95131"},"city":{"S":"San Jose"},"line2":{"S":""},"line1":{"S":"1 Main St"}}}]},"id":{"S":"4b150261-850d-4514-9ff2-e8e080614e07"},"email":{"S":"sb-uy243x12992452@personal.example.com"},"name":{"S":"John Doe"}}
{"paymentId":{"S":"pi_3Mmg18IAbvjmWp3N13WJCsI1"},"paymentStatus":{"S":"paid"},"updatedAt":{"N":"1679070082950"},"createdAt":{"N":"1679070082950"},"amount":{"N":"35"},"paymentMethod":{"S":"card"},"customerDetails":{"L":[{"M":{"country":{"S":"US"},"state":{"S":""},"postal_code":{"S":"84445"},"city":{"S":""},"line2":{"S":""},"line1":{"S":""}}}]},"id":{"S":"970d64c3-19bf-4d81-afa6-fd8a7c422337"},"email":{"S":"mohamedthawfeek96@gmail.com"},"name":{"S":"mohame"}}
{"paymentId":{"S":"PAYID-MPU5FVY79D719728T114024T"},"paymentStatus":{"S":"approved"},"updatedAt":{"N":"1676271653292"},"createdAt":{"N":"1676271653292"},"amount":{"N":"99"},"paymentMethod":{"S":"paypal"},"customerDetails":{"L":[{"M":{"country":{"S":"US"},"state":{"S":"CA"},"postal_code":{"S":"95131"},"city":{"S":"San Jose"},"line2":{"S":""},"line1":{"S":"1 Main St"}}}]},"id":{"S":"edd61a23-7242-4110-a321-4f9459602f99"},"email":{"S":"sb-uy243x12992452@personal.example.com"},"name":{"S":"John Doe"}}
{"paymentId":{"S":"pi_3Mn1FyIAbvjmWp3N1sLZnWuq"},"paymentStatus":{"S":"paid"},"updatedAt":{"N":"1679151776191"},"createdAt":{"N":"1679151776191"},"amount":{"N":"176"},"paymentMethod":{"S":"card"},"customerDetails":{"L":[{"M":{"country":{"S":"GN"},"state":{"S":""},"postal_code":{"S":""},"city":{"S":""},"line2":{"S":""},"line1":{"S":""}}}]},"id":{"S":"953e45e4-6461-4673-93d0-bf98c7ff3680"},"email":{"S":"ensqvsqwpzopx@eurokool.com"},"name":{"S":"jacky"}}
{"paymentId":{"S":"pi_3MbzgwIAbvjmWp3N0qUSqvBa"},"paymentStatus":{"S":"paid"},"updatedAt":{"N":"1676524073816"},"createdAt":{"N":"1676524073816"},"amount":{"N":"164"},"paymentMethod":{"S":"card"},"customerDetails":{"L":[{"M":{"country":{"S":"US"},"state":{"S":""},"postal_code":{"S":"84445"},"city":{"S":""},"line2":{"S":""},"line1":{"S":""}}}]},"id":{"S":"9222d7ba-8e15-4295-a8e6-7d6cd269ccd3"},"email":{"S":"mohamedthawfeek96@gmail.com"},"name":{"S":"mohamed"}}
{"paymentId":{"S":"pi_3Mc4S4IAbvjmWp3N0E8gI26C"},"paymentStatus":{"S":"paid"},"updatedAt":{"N":"1676619951330"},"createdAt":{"N":"1676619951330"},"amount":{"N":"252"},"paymentMethod":{"S":"card"},"customerDetails":{"L":[{"M":{"country":{"S":"US"},"state":{"S":""},"postal_code":{"S":"84445"},"city":{"S":""},"line2":{"S":""},"line1":{"S":""}}}]},"id":{"S":"43570750-38fe-4855-8699-0b0ea39a56f1"},"email":{"S":"mohamedthawfeek96@gmail.com"},"name":{"S":"mohamed"}}
{"paymentId":{"S":"PAYID-MPU52RQ3V045452YP726194C"},"paymentStatus":{"S":"approved"},"updatedAt":{"N":"1676271652499"},"createdAt":{"N":"1676271652499"},"amount":{"N":"99"},"paymentMethod":{"S":"paypal"},"customerDetails":{"L":[{"M":{"country":{"S":"US"},"state":{"S":"CA"},"postal_code":{"S":"95131"},"city":{"S":"San Jose"},"line2":{"S":""},"line1":{"S":"1 Main St"}}}]},"id":{"S":"897887d9-28c7-4b0a-a064-9c37b8b7b12c"},"email":{"S":"sb-uy243x12992452@personal.example.com"},"name":{"S":"John Doe"}}
{"paymentId":{"S":"pi_3McXOcIAbvjmWp3N0TvYQRMW"},"paymentStatus":{"S":"paid"},"updatedAt":{"N":"1676653637001"},"createdAt":{"N":"1676653637001"},"amount":{"N":"252"},"paymentMethod":{"S":"card"},"customerDetails":{"L":[{"M":{"country":{"S":"US"},"state":{"S":""},"postal_code":{"S":"84445"},"city":{"S":""},"line2":{"S":""},"line1":{"S":""}}}]},"id":{"S":"a009f4ea-7850-43ba-9b3d-2c1ceb3cc43d"},"email":{"S":"mohamedthawfeek96@gmail.com"},"name":{"S":"mohamed"}}
{"paymentId":{"S":"pi_3MZXepIAbvjmWp3N18QpIvfi"},"paymentStatus":{"S":"paid"},"updatedAt":{"N":"1675939657534"},"createdAt":{"N":"1675939657534"},"amount":{"N":"40"},"paymentMethod":{"S":"card"},"customerDetails":{"L":[{"M":{"country":{"S":"US"},"state":{"S":""},"postal_code":{"S":"84445"},"city":{"S":""},"line2":{"S":""},"line1":{"S":""}}}]},"id":{"S":"b0739a15-459d-4906-8dc5-9dd99cb81211"},"email":{"S":"mohamedthawfeek96@gmail.com"},"name":{"S":"mohamed"}}
{"paymentId":{"S":"pi_3MZsM2IAbvjmWp3N1Gobkf13"},"paymentStatus":{"S":"paid"},"updatedAt":{"N":"1676026827519"},"createdAt":{"N":"1676026827519"},"amount":{"N":"60"},"paymentMethod":{"S":"card"},"customerDetails":{"L":[{"M":{"country":{"S":"US"},"state":{"S":""},"postal_code":{"S":"84445"},"city":{"S":""},"line2":{"S":""},"line1":{"S":""}}}]},"id":{"S":"b06c9436-998c-455b-a5bd-62cd24c82905"},"email":{"S":"mohamedthawfeek96@gmail.com"},"name":{"S":"mohamed"}}
{"paymentId":{"S":"pi_3MZAssIAbvjmWp3N1Z4o5Dau"},"paymentStatus":{"S":"paid"},"updatedAt":{"N":"1675852138323"},"createdAt":{"N":"1675852138323"},"amount":{"N":"80"},"paymentMethod":{"S":"card"},"customerDetails":{"L":[{"M":{"country":{"S":"US"},"state":{"S":""},"postal_code":{"S":"84445"},"city":{"S":""},"line2":{"S":""},"line1":{"S":""}}}]},"id":{"S":"9ba70bb6-3251-422b-ab59-4877690a9290"},"email":{"S":"jacksonkasipeacock@gmail.com"},"name":{"S":"mohamed Thawfeek"}}
{"paymentId":{"S":"pi_3Mmg18IAbvjmWp3N13WJCsI1"},"paymentStatus":{"S":"paid"},"updatedAt":{"N":"1679070058810"},"createdAt":{"N":"1679070058810"},"amount":{"N":"35"},"paymentMethod":{"S":"card"},"customerDetails":{"L":[{"M":{"country":{"S":"US"},"state":{"S":""},"postal_code":{"S":"84445"},"city":{"S":""},"line2":{"S":""},"line1":{"S":""}}}]},"id":{"S":"f4aee1de-9ffc-4477-b79f-3997203b05ff"},"email":{"S":"mohamedthawfeek96@gmail.com"},"name":{"S":"mohame"}}
{"paymentId":{"S":"PAYID-MPW5V4Y6LE651583D787623U"},"paymentStatus":{"S":"approved"},"updatedAt":{"N":"1676532493168"},"createdAt":{"N":"1676532493168"},"amount":{"N":"80"},"paymentMethod":{"S":"paypal"},"customerDetails":{"L":[{"M":{"country":{"S":"US"},"state":{"S":"CA"},"postal_code":{"S":"95131"},"city":{"S":"San Jose"},"line2":{"S":""},"line1":{"S":"1 Main St"}}}]},"id":{"S":"a3dfac29-27fe-44d3-9157-bf4c2f037c67"},"email":{"S":"sb-uy243x12992452@personal.example.com"},"name":{"S":"John Doe"}}
{"paymentId":{"S":"pi_3MZscUIAbvjmWp3N0ZjJij9m"},"paymentStatus":{"S":"paid"},"updatedAt":{"N":"1676020277270"},"createdAt":{"N":"1676020277270"},"amount":{"N":"80"},"paymentMethod":{"S":"card"},"customerDetails":{"L":[{"M":{"country":{"S":"BD"},"state":{"S":""},"postal_code":{"S":""},"city":{"S":""},"line2":{"S":""},"line1":{"S":""}}}]},"id":{"S":"5ab66dd6-63b6-4817-9b45-2a6a90582d40"},"email":{"S":"emondasprivate@gmail.com"},"name":{"S":"Emon"}}
{"paymentId":{"S":"pi_3MZEhAIAbvjmWp3N0xDkkB8v"},"paymentStatus":{"S":"paid"},"updatedAt":{"N":"1675866781521"},"createdAt":{"N":"1675866781521"},"amount":{"N":"40"},"paymentMethod":{"S":"card"},"customerDetails":{"L":[{"M":{"country":{"S":"US"},"state":{"S":""},"postal_code":{"S":"84445"},"city":{"S":""},"line2":{"S":""},"line1":{"S":""}}}]},"id":{"S":"e575ad31-c8aa-4e70-ab7c-174c794233cf"},"email":{"S":"jacksonkasipeacock@gmail.com"},"name":{"S":"jakson kasi"}}
{"paymentId":{"S":"pi_3MZE64IAbvjmWp3N1XXn0Gw5"},"paymentStatus":{"S":"paid"},"updatedAt":{"N":"1675864478717"},"createdAt":{"N":"1675864478717"},"amount":{"N":"99"},"paymentMethod":{"S":"card"},"customerDetails":{"L":[{"M":{"country":{"S":"US"},"state":{"S":""},"postal_code":{"S":"84445"},"city":{"S":""},"line2":{"S":""},"line1":{"S":""}}}]},"id":{"S":"f350e2de-34f4-44a7-a30c-035c6a76021d"},"email":{"S":"jacksonkasipeacock@gmail.com"},"name":{"S":"jakson kasi"}}
{"paymentId":{"S":"pi_3Mf26kIAbvjmWp3N0VhVWxn2"},"paymentStatus":{"S":"paid"},"updatedAt":{"N":"1677250333216"},"createdAt":{"N":"1677250333216"},"amount":{"N":"58"},"paymentMethod":{"S":"card"},"customerDetails":{"L":[{"M":{"country":{"S":"US"},"state":{"S":""},"postal_code":{"S":"84445"},"city":{"S":""},"line2":{"S":""},"line1":{"S":""}}}]},"id":{"S":"e0920b3b-9041-4862-bef9-6e273f694ce0"},"email":{"S":"mohamedthawfeek96@gmail.com"},"name":{"S":"mohamed"}}
{"paymentId":{"S":"pi_3MmgG9IAbvjmWp3N0EERsc7e"},"paymentStatus":{"S":"paid"},"updatedAt":{"N":"1679070986137"},"createdAt":{"N":"1679070986137"},"amount":{"N":"35"},"paymentMethod":{"S":"card"},"customerDetails":{"L":[{"M":{"country":{"S":"US"},"state":{"S":""},"postal_code":{"S":"84445"},"city":{"S":""},"line2":{"S":""},"line1":{"S":""}}}]},"id":{"S":"0f309987-d8bb-454e-b13a-eeafeab37501"},"email":{"S":"mohamedthawfeek96@gmail.com"},"name":{"S":"mohame"}}
{"paymentId":{"S":"PAYID-MPVBLOQ2VP83601J11711405"},"paymentStatus":{"S":"approved"},"updatedAt":{"N":"1676285400532"},"createdAt":{"N":"1676285400532"},"amount":{"N":"398"},"paymentMethod":{"S":"paypal"},"customerDetails":{"L":[{"M":{"country":{"S":"US"},"state":{"S":"CA"},"postal_code":{"S":"95131"},"city":{"S":"San Jose"},"line2":{"S":""},"line1":{"S":"1 Main St"}}}]},"id":{"S":"e4b13285-27a7-4393-a687-027b71963f37"},"email":{"S":"sb-uy243x12992452@personal.example.com"},"name":{"S":"John Doe"}}
{"paymentId":{"S":"pi_3MbHPBIAbvjmWp3N06by8wXt"},"paymentStatus":{"S":"paid"},"updatedAt":{"N":"1676353844272"},"createdAt":{"N":"1676353844272"},"amount":{"N":"252"},"paymentMethod":{"S":"card"},"customerDetails":{"L":[{"M":{"country":{"S":"US"},"state":{"S":""},"postal_code":{"S":"84445"},"city":{"S":""},"line2":{"S":""},"line1":{"S":""}}}]},"id":{"S":"683ee13a-b9df-4baa-9c40-fd798d43deb5"},"email":{"S":"mohamedthawfeek96@gmail.com"},"name":{"S":"mohamed"}}
{"paymentId":{"S":"pi_3MeX3FIAbvjmWp3N1CICZ2Ss"},"paymentStatus":{"S":"paid"},"updatedAt":{"N":"1677129018317"},"createdAt":{"N":"1677129018317"},"amount":{"N":"55"},"paymentMethod":{"S":"card"},"customerDetails":{"L":[{"M":{"country":{"S":"BD"},"state":{"S":""},"postal_code":{"S":""},"city":{"S":""},"line2":{"S":""},"line1":{"S":""}}}]},"id":{"S":"4cbfa0c5-f932-4993-85b4-2c1322c10029"},"email":{"S":"emondasprivate@gmail.com"},"name":{"S":"Emon Das"}}
{"paymentId":{"S":"pi_3Mc4S4IAbvjmWp3N0E8gI26C"},"paymentStatus":{"S":"paid"},"updatedAt":{"N":"1676542367719"},"createdAt":{"N":"1676542367719"},"amount":{"N":"252"},"paymentMethod":{"S":"card"},"customerDetails":{"L":[{"M":{"country":{"S":"US"},"state":{"S":""},"postal_code":{"S":"84445"},"city":{"S":""},"line2":{"S":""},"line1":{"S":""}}}]},"id":{"S":"f1ad63e8-4e19-4738-b012-58a11bae8886"},"email":{"S":"mohamedthawfeek96@gmail.com"},"name":{"S":"mohamed"}}
{"paymentId":{"S":"pi_3MZsM2IAbvjmWp3N1Gobkf13"},"paymentStatus":{"S":"paid"},"updatedAt":{"N":"1676027452218"},"createdAt":{"N":"1676027452218"},"amount":{"N":"60"},"paymentMethod":{"S":"card"},"customerDetails":{"L":[{"M":{"country":{"S":"US"},"state":{"S":""},"postal_code":{"S":"84445"},"city":{"S":""},"line2":{"S":""},"line1":{"S":""}}}]},"id":{"S":"67c48236-cf52-4d01-819c-b5ac56538e79"},"email":{"S":"mohamedthawfeek96@gmail.com"},"name":{"S":"mohamed"}}
{"paymentId":{"S":"PAYID-MPW3MDA1376265882054064C"},"paymentStatus":{"S":"approved"},"updatedAt":{"N":"1676523035232"},"createdAt":{"N":"1676523035232"},"amount":{"N":"88"},"paymentMethod":{"S":"paypal"},"customerDetails":{"L":[{"M":{"country":{"S":"US"},"state":{"S":"CA"},"postal_code":{"S":"95131"},"city":{"S":"San Jose"},"line2":{"S":""},"line1":{"S":"1 Main St"}}}]},"id":{"S":"87570e0b-29a5-493e-9562-b2f3ab82e327"},"email":{"S":"sb-uy243x12992452@personal.example.com"},"name":{"S":"John Doe"}}
{"paymentId":{"S":"pi_3MZsM2IAbvjmWp3N1Gobkf13"},"paymentStatus":{"S":"paid"},"updatedAt":{"N":"1676027521019"},"createdAt":{"N":"1676027521019"},"amount":{"N":"60"},"paymentMethod":{"S":"card"},"customerDetails":{"L":[{"M":{"country":{"S":"US"},"state":{"S":""},"postal_code":{"S":"84445"},"city":{"S":""},"line2":{"S":""},"line1":{"S":""}}}]},"id":{"S":"fb4c7c36-5828-4aed-8744-7569475ca789"},"email":{"S":"mohamedthawfeek96@gmail.com"},"name":{"S":"mohamed"}}
{"paymentId":{"S":"pi_3MmcouIAbvjmWp3N10UzmVAA"},"paymentStatus":{"S":"paid"},"updatedAt":{"N":"1679057790912"},"createdAt":{"N":"1679057790912"},"amount":{"N":"352"},"paymentMethod":{"S":"card"},"customerDetails":{"L":[{"M":{"country":{"S":"US"},"state":{"S":""},"postal_code":{"S":"35865"},"city":{"S":""},"line2":{"S":""},"line1":{"S":""}}}]},"id":{"S":"7ae6b890-6e04-43d3-a272-69cd495d6365"},"email":{"S":"cfkivmcnsg@valanides.com"},"name":{"S":",jkiyuk"}}
{"paymentId":{"S":"PAYID-MPR2BNI91X21450TD3537848"},"paymentStatus":{"S":"approved"},"updatedAt":{"N":"1675862224465"},"createdAt":{"N":"1675862224465"},"amount":{"N":"49"},"paymentMethod":{"S":"paypal"},"customerDetails":{"L":[{"M":{"country":{"S":"US"},"state":{"S":"CA"},"postal_code":{"S":"95131"},"city":{"S":"San Jose"},"line2":{"S":""},"line1":{"S":"1 Main St"}}}]},"id":{"S":"3bfda559-d056-4f4a-af0c-ed1d7197f9b0"},"email":{"S":"sb-uy243x12992452@personal.example.com"},"name":{"S":"John Doe"}}
{"paymentId":{"S":"pi_3MbNBBIAbvjmWp3N0fgcf7ji"},"paymentStatus":{"S":"paid"},"updatedAt":{"N":"1676376092123"},"createdAt":{"N":"1676376092123"},"amount":{"N":"80"},"paymentMethod":{"S":"card"},"customerDetails":{"L":[{"M":{"country":{"S":"BD"},"state":{"S":""},"postal_code":{"S":""},"city":{"S":""},"line2":{"S":""},"line1":{"S":""}}}]},"id":{"S":"aa6e5f57-4385-42d4-8254-7fcf28b8b522"},"email":{"S":"emondaspeacock@gmail.com"},"name":{"S":"Emon"}}
{"paymentId":{"S":"pi_3MZsM2IAbvjmWp3N1Gobkf13"},"paymentStatus":{"S":"paid"},"updatedAt":{"N":"1676026902535"},"createdAt":{"N":"1676026902535"},"amount":{"N":"60"},"paymentMethod":{"S":"card"},"customerDetails":{"L":[{"M":{"country":{"S":"US"},"state":{"S":""},"postal_code":{"S":"84445"},"city":{"S":""},"line2":{"S":""},"line1":{"S":""}}}]},"id":{"S":"03735907-810c-48f1-ba92-7f3e038a5dec"},"email":{"S":"mohamedthawfeek96@gmail.com"},"name":{"S":"mohamed"}}
{"paymentId":{"S":"pi_3MZqNAIAbvjmWp3N1qAc3iJ9"},"paymentStatus":{"S":"paid"},"updatedAt":{"N":"1676011591595"},"createdAt":{"N":"1676011591595"},"amount":{"N":"80"},"paymentMethod":{"S":"card"},"customerDetails":{"L":[{"M":{"country":{"S":"US"},"state":{"S":""},"postal_code":{"S":"84445"},"city":{"S":""},"line2":{"S":""},"line1":{"S":""}}}]},"id":{"S":"f174ec56-8058-4aac-8fa4-d13d58047633"},"email":{"S":"mohamedthawfeek96@gmail.com"},"name":{"S":"mohamed"}}
{"paymentId":{"S":"pi_3MZWahIAbvjmWp3N0QLHrfd9"},"paymentStatus":{"S":"paid"},"updatedAt":{"N":"1675935568873"},"createdAt":{"N":"1675935568873"},"amount":{"N":"50"},"paymentMethod":{"S":"card"},"customerDetails":{"L":[{"M":{"country":{"S":"US"},"state":{"S":""},"postal_code":{"S":"84445"},"city":{"S":""},"line2":{"S":""},"line1":{"S":""}}}]},"id":{"S":"6ff3a121-b15f-4c52-8ded-8f1766307874"},"email":{"S":"mohamedthawfeek96@gmail.com"},"name":{"S":"mohamed"}}
{"paymentId":{"S":"pi_3MecCUIAbvjmWp3N0fYDkAlJ"},"paymentStatus":{"S":"paid"},"updatedAt":{"N":"1677148761274"},"createdAt":{"N":"1677148761274"},"amount":{"N":"58"},"paymentMethod":{"S":"card"},"customerDetails":{"L":[{"M":{"country":{"S":"US"},"state":{"S":""},"postal_code":{"S":"84445"},"city":{"S":""},"line2":{"S":""},"line1":{"S":""}}}]},"id":{"S":"0c28a725-882c-4539-aa92-b7dfcaffff1d"},"email":{"S":"mohamedthawfeek96@gmail.com"},"name":{"S":"mohamed"}}
{"paymentId":{"S":"pi_3MZSHqIAbvjmWp3N0QUEi7Yr"},"paymentStatus":{"S":"paid"},"updatedAt":{"N":"1675919027610"},"createdAt":{"N":"1675919027610"},"amount":{"N":"30"},"paymentMethod":{"S":"card"},"customerDetails":{"L":[{"M":{"country":{"S":"US"},"state":{"S":""},"postal_code":{"S":"84445"},"city":{"S":""},"line2":{"S":""},"line1":{"S":""}}}]},"id":{"S":"668172b6-344d-4be2-9da5-be023fd17758"},"email":{"S":"mohamedthawfeek96@gmail.com"},"name":{"S":"jakson kasi"}}
{"paymentId":{"S":"pi_3MZwfoIAbvjmWp3N0QwBZo3J"},"paymentStatus":{"S":"paid"},"updatedAt":{"N":"1676035818114"},"createdAt":{"N":"1676035818114"},"amount":{"N":"229"},"paymentMethod":{"S":"card"},"customerDetails":{"L":[{"M":{"country":{"S":"US"},"state":{"S":""},"postal_code":{"S":"84445"},"city":{"S":""},"line2":{"S":""},"line1":{"S":""}}}]},"id":{"S":"eadaf7dc-89e1-480a-a06c-8a1afc1207cd"},"email":{"S":"mohamedthawfeek96@gmail.com"},"name":{"S":"mohamed"}}
{"paymentId":{"S":"pi_3MZb0zIAbvjmWp3N1KlLy3Ft"},"paymentStatus":{"S":"paid"},"updatedAt":{"N":"1675952609066"},"createdAt":{"N":"1675952609066"},"amount":{"N":"50"},"paymentMethod":{"S":"card"},"customerDetails":{"L":[{"M":{"country":{"S":"US"},"state":{"S":""},"postal_code":{"S":"84445"},"city":{"S":""},"line2":{"S":""},"line1":{"S":""}}}]},"id":{"S":"79d7749f-5c96-4269-9f25-5573ccb14894"},"email":{"S":"vvmowgaxdwwjm@triots.com"},"name":{"S":"mohamed"}}
{"paymentId":{"S":"PAYID-MPX3JOI0G261002JN591800U"},"paymentStatus":{"S":"approved"},"updatedAt":{"N":"1676653774305"},"createdAt":{"N":"1676653774305"},"amount":{"N":"39"},"paymentMethod":{"S":"paypal"},"customerDetails":{"L":[{"M":{"country":{"S":"US"},"state":{"S":"CA"},"postal_code":{"S":"95131"},"city":{"S":"San Jose"},"line2":{"S":""},"line1":{"S":"1 Main St"}}}]},"id":{"S":"bbaf5307-156e-4095-b173-79a63757ee9c"},"email":{"S":"sb-uy243x12992452@personal.example.com"},"name":{"S":"John Doe"}}
{"paymentId":{"S":"pi_3Mc4S4IAbvjmWp3N0E8gI26C"},"paymentStatus":{"S":"paid"},"updatedAt":{"N":"1676619975118"},"createdAt":{"N":"1676619975118"},"amount":{"N":"252"},"paymentMethod":{"S":"card"},"customerDetails":{"L":[{"M":{"country":{"S":"US"},"state":{"S":""},"postal_code":{"S":"84445"},"city":{"S":""},"line2":{"S":""},"line1":{"S":""}}}]},"id":{"S":"59271a09-fa73-4d91-9b93-c829bf0d486c"},"email":{"S":"mohamedthawfeek96@gmail.com"},"name":{"S":"mohamed"}}
{"paymentId":{"S":"pi_3McOCtIAbvjmWp3N0VkBswnL"},"paymentStatus":{"S":"paid"},"updatedAt":{"N":"1676953117538"},"createdAt":{"N":"1676953117538"},"amount":{"N":"209"},"paymentMethod":{"S":"card"},"customerDetails":{"L":[{"M":{"country":{"S":"US"},"state":{"S":""},"postal_code":{"S":"20200"},"city":{"S":""},"line2":{"S":""},"line1":{"S":""}}}]},"id":{"S":"fca1ad39-47eb-4b8c-92d9-d7c991d27eb1"},"email":{"S":"bajide18@gmail.com"},"name":{"S":"John Doe"}}
{"paymentId":{"S":"pi_3MZqLwIAbvjmWp3N0pWPmMb1"},"paymentStatus":{"S":"paid"},"updatedAt":{"N":"1676011520112"},"createdAt":{"N":"1676011520112"},"amount":{"N":"99"},"paymentMethod":{"S":"card"},"customerDetails":{"L":[{"M":{"country":{"S":"US"},"state":{"S":""},"postal_code":{"S":"84445"},"city":{"S":""},"line2":{"S":""},"line1":{"S":""}}}]},"id":{"S":"cda91db9-d753-42a6-9f57-ce37555b11e2"},"email":{"S":"mohamedthawfeek96@gmail.com"},"name":{"S":"mohamed"}}
{"paymentId":{"S":"pi_3Mc0T5IAbvjmWp3N17yCU4GD"},"paymentStatus":{"S":"paid"},"updatedAt":{"N":"1676527072481"},"createdAt":{"N":"1676527072481"},"amount":{"N":"711"},"paymentMethod":{"S":"card"},"customerDetails":{"L":[{"M":{"country":{"S":"US"},"state":{"S":""},"postal_code":{"S":"84445"},"city":{"S":""},"line2":{"S":""},"line1":{"S":""}}}]},"id":{"S":"5e727918-f4d2-4726-89d6-04245b008622"},"email":{"S":"mohamedthawfeek96@gmail.com"},"name":{"S":"mohamed"}}
{"paymentId":{"S":"PAYID-MPVBLOQ2VP83601J11711405"},"paymentStatus":{"S":"approved"},"updatedAt":{"N":"1676285906593"},"createdAt":{"N":"1676285906593"},"amount":{"N":"398"},"paymentMethod":{"S":"paypal"},"customerDetails":{"L":[{"M":{"country":{"S":"US"},"state":{"S":"CA"},"postal_code":{"S":"95131"},"city":{"S":"San Jose"},"line2":{"S":""},"line1":{"S":"1 Main St"}}}]},"id":{"S":"a46e8b7a-db18-4961-9d61-5e75dfcd3884"},"email":{"S":"sb-uy243x12992452@personal.example.com"},"name":{"S":"John Doe"}}
{"paymentId":{"S":"pi_3MZoouIAbvjmWp3N1OS2i12O"},"paymentStatus":{"S":"paid"},"updatedAt":{"N":"1676005659347"},"createdAt":{"N":"1676005659347"},"amount":{"N":"80"},"paymentMethod":{"S":"card"},"customerDetails":{"L":[{"M":{"country":{"S":"US"},"state":{"S":""},"postal_code":{"S":"84445"},"city":{"S":""},"line2":{"S":""},"line1":{"S":""}}}]},"id":{"S":"7177fc4c-66ff-484c-99fa-dffa9d3878c0"},"email":{"S":"mohamedthawfeek96@gmail.com"},"name":{"S":"mohamed"}}
{"paymentId":{"S":"pi_3MYq2wIAbvjmWp3N1OCHhZKY"},"paymentStatus":{"S":"paid"},"updatedAt":{"N":"1675772020011"},"createdAt":{"N":"1675772020011"},"amount":{"N":"30"},"paymentMethod":{"S":"card"},"customerDetails":{"L":[{"M":{"country":{"S":"US"},"state":{"S":""},"postal_code":{"S":"84445"},"city":{"S":""},"line2":{"S":""},"line1":{"S":""}}}]},"id":{"S":"a5af55a1-b34c-4701-b3ce-03cca6bb12a2"},"email":{"S":"jacksonkasipeacock@gmail.com"},"name":{"S":"mohamed Thawfeek"}}
{"paymentId":{"S":"pi_3Mc1xaIAbvjmWp3N1I58d8G7"},"paymentStatus":{"S":"paid"},"updatedAt":{"N":"1676532795581"},"createdAt":{"N":"1676532795581"},"amount":{"N":"99"},"paymentMethod":{"S":"card"},"customerDetails":{"L":[{"M":{"country":{"S":"US"},"state":{"S":""},"postal_code":{"S":"84445"},"city":{"S":""},"line2":{"S":""},"line1":{"S":""}}}]},"id":{"S":"f9d72ab7-d8f9-4f74-8553-171c59609ead"},"email":{"S":"mohamedthawfeek96@gmail.com"},"name":{"S":"mohamed"}}
{"paymentId":{"S":"pi_3MYQ7CIAbvjmWp3N1LRtpnJd"},"paymentStatus":{"S":"paid"},"updatedAt":{"N":"1675672343509"},"createdAt":{"N":"1675672343509"},"amount":{"N":"40"},"paymentMethod":{"S":"card"},"customerDetails":{"L":[{"M":{"country":{"S":"US"},"state":{"S":""},"postal_code":{"S":"84445"},"city":{"S":""},"line2":{"S":""},"line1":{"S":""}}}]},"id":{"S":"5c8aa63d-9286-4576-a0cd-2a0ec28f0b53"},"email":{"S":"admin@torg.com"},"name":{"S":"mohamed Thawfeek"}}
{"paymentId":{"S":"PAYID-MPS5HLI3CY9920943702891T"},"paymentStatus":{"S":"approved"},"updatedAt":{"N":"1676006695686"},"createdAt":{"N":"1676006695686"},"amount":{"N":"80"},"paymentMethod":{"S":"paypal"},"customerDetails":{"L":[{"M":{"country":{"S":"US"},"state":{"S":"CA"},"postal_code":{"S":"95131"},"city":{"S":"San Jose"},"line2":{"S":""},"line1":{"S":"1 Main St"}}}]},"id":{"S":"dd8c3ebc-a330-4100-b22e-67e67f8c26d1"},"email":{"S":"sb-uy243x12992452@personal.example.com"},"name":{"S":"John Doe"}}
{"paymentId":{"S":"pi_3MazocIAbvjmWp3N1BEmalyE"},"paymentStatus":{"S":"paid"},"updatedAt":{"N":"1676286254639"},"createdAt":{"N":"1676286254639"},"amount":{"N":"99"},"paymentMethod":{"S":"card"},"customerDetails":{"L":[{"M":{"country":{"S":"BD"},"state":{"S":""},"postal_code":{"S":""},"city":{"S":""},"line2":{"S":""},"line1":{"S":""}}}]},"id":{"S":"e6399637-fa00-4f94-bac3-8180675b8ced"},"email":{"S":"emondaspeacock@gmail.com"},"name":{"S":"Emon"}}
{"paymentId":{"S":"PAYID-MPS5HLI3CY9920943702891T"},"paymentStatus":{"S":"approved"},"updatedAt":{"N":"1676006585418"},"createdAt":{"N":"1676006585418"},"amount":{"N":"80"},"paymentMethod":{"S":"paypal"},"customerDetails":{"L":[{"M":{"country":{"S":"US"},"state":{"S":"CA"},"postal_code":{"S":"95131"},"city":{"S":"San Jose"},"line2":{"S":""},"line1":{"S":"1 Main St"}}}]},"id":{"S":"33e36be2-5cde-4c0b-a595-879f03217f99"},"email":{"S":"sb-uy243x12992452@personal.example.com"},"name":{"S":"John Doe"}}
{"paymentId":{"S":"pi_3MdnOoIAbvjmWp3N0u9kxK00"},"paymentStatus":{"S":"paid"},"updatedAt":{"N":"1676953487949"},"createdAt":{"N":"1676953487949"},"amount":{"N":"240"},"paymentMethod":{"S":"card"},"customerDetails":{"L":[{"M":{"country":{"S":"US"},"state":{"S":""},"postal_code":{"S":"20720"},"city":{"S":""},"line2":{"S":""},"line1":{"S":""}}}]},"id":{"S":"f9213b1e-7c36-4db8-9d92-7ac7ad6c7f26"},"email":{"S":"adepojubabajide@gmail.com"},"name":{"S":"john Doe"}}
{"paymentId":{"S":"pi_3MeyNMIAbvjmWp3N14MHJHfV"},"paymentStatus":{"S":"paid"},"updatedAt":{"N":"1677233996858"},"createdAt":{"N":"1677233996858"},"amount":{"N":"75"},"paymentMethod":{"S":"card"},"customerDetails":{"L":[{"M":{"country":{"S":"US"},"state":{"S":""},"postal_code":{"S":"84445"},"city":{"S":""},"line2":{"S":""},"line1":{"S":""}}}]},"id":{"S":"46d8541a-151c-40af-bd93-d91d90d7a248"},"email":{"S":"mohamedthawfeek96@gmail.com"},"name":{"S":"mohamed"}}
{"paymentId":{"S":"PAYID-MPU5FVY79D719728T114024T"},"paymentStatus":{"S":"approved"},"updatedAt":{"N":"1676277789793"},"createdAt":{"N":"1676277789793"},"amount":{"N":"80"},"paymentMethod":{"S":"paypal"},"customerDetails":{"L":[{"M":{"country":{"S":"US"},"state":{"S":"CA"},"postal_code":{"S":"95131"},"city":{"S":"San Jose"},"line2":{"S":""},"line1":{"S":"1 Main St"}}}]},"id":{"S":"3450741b-1c67-4ce3-b3a3-e31e8b204e97"},"email":{"S":"sb-uy243x12992452@personal.example.com"},"name":{"S":"John Doe"}}
{"paymentId":{"S":"pi_3MbzbCIAbvjmWp3N1N97jsCH"},"paymentStatus":{"S":"paid"},"updatedAt":{"N":"1676523716602"},"createdAt":{"N":"1676523716602"},"amount":{"N":"88"},"paymentMethod":{"S":"card"},"customerDetails":{"L":[{"M":{"country":{"S":"IN"},"state":{"S":""},"postal_code":{"S":""},"city":{"S":""},"line2":{"S":""},"line1":{"S":""}}}]},"id":{"S":"32f32092-075e-465c-a102-d56ac6afb93a"},"email":{"S":"thawfeek96@gmail.com"},"name":{"S":"mohamed"}}
{"paymentId":{"S":"pi_3Mmg2oIAbvjmWp3N0GaqxHwJ"},"paymentStatus":{"S":"paid"},"updatedAt":{"N":"1679070762314"},"createdAt":{"N":"1679070762314"},"amount":{"N":"35"},"paymentMethod":{"S":"card"},"customerDetails":{"L":[{"M":{"country":{"S":"US"},"state":{"S":""},"postal_code":{"S":"84445"},"city":{"S":""},"line2":{"S":""},"line1":{"S":""}}}]},"id":{"S":"df9f1f6d-9631-4fe1-a29f-b862607ac933"},"email":{"S":"mohamedthawfeek96@gmail.com"},"name":{"S":"mohame"}}
{"paymentId":{"S":"pi_3MZsM2IAbvjmWp3N1Gobkf13"},"paymentStatus":{"S":"paid"},"updatedAt":{"N":"1676026887283"},"createdAt":{"N":"1676026887283"},"amount":{"N":"60"},"paymentMethod":{"S":"card"},"customerDetails":{"L":[{"M":{"country":{"S":"US"},"state":{"S":""},"postal_code":{"S":"84445"},"city":{"S":""},"line2":{"S":""},"line1":{"S":""}}}]},"id":{"S":"54ec92f4-ba92-4cd2-90f0-29ededa357b7"},"email":{"S":"mohamedthawfeek96@gmail.com"},"name":{"S":"mohamed"}}
{"paymentId":{"S":"PAYID-MPVBWFI24V10143HV323162H"},"paymentStatus":{"S":"approved"},"updatedAt":{"N":"1676286920195"},"createdAt":{"N":"1676286920195"},"amount":{"N":"88"},"paymentMethod":{"S":"paypal"},"customerDetails":{"L":[{"M":{"country":{"S":"US"},"state":{"S":"CA"},"postal_code":{"S":"95131"},"city":{"S":"San Jose"},"line2":{"S":""},"line1":{"S":"1 Main St"}}}]},"id":{"S":"729d3b37-2990-4234-b636-fe8ddf7219e0"},"email":{"S":"sb-uy243x12992452@personal.example.com"},"name":{"S":"John Doe"}}
{"paymentId":{"S":"pi_3MeX1XIAbvjmWp3N05eIhhRW"},"paymentStatus":{"S":"paid"},"updatedAt":{"N":"1677128892101"},"createdAt":{"N":"1677128892101"},"amount":{"N":"70"},"paymentMethod":{"S":"card"},"customerDetails":{"L":[{"M":{"country":{"S":"BD"},"state":{"S":""},"postal_code":{"S":""},"city":{"S":""},"line2":{"S":""},"line1":{"S":""}}}]},"id":{"S":"9eced971-0e60-4564-a1de-3acebc025cb7"},"email":{"S":"emondaspeacock@gmail.com"},"name":{"S":"Emon"}}
{"paymentId":{"S":"pi_3MhCHzIAbvjmWp3N1dFWE3Q1"},"paymentStatus":{"S":"paid"},"updatedAt":{"N":"1677764133397"},"createdAt":{"N":"1677764133397"},"amount":{"N":"30"},"paymentMethod":{"S":"card"},"customerDetails":{"L":[{"M":{"country":{"S":"US"},"state":{"S":""},"postal_code":{"S":"84445"},"city":{"S":""},"line2":{"S":""},"line1":{"S":""}}}]},"id":{"S":"91c48d4b-4903-41b0-86fb-6438e3c631d6"},"email":{"S":"mohamedthawfeek96@gmail.com"},"name":{"S":"mohamed"}}
{"paymentId":{"S":"pi_3MZsM2IAbvjmWp3N1Gobkf13"},"paymentStatus":{"S":"paid"},"updatedAt":{"N":"1676027447322"},"createdAt":{"N":"1676027447322"},"amount":{"N":"60"},"paymentMethod":{"S":"card"},"customerDetails":{"L":[{"M":{"country":{"S":"US"},"state":{"S":""},"postal_code":{"S":"84445"},"city":{"S":""},"line2":{"S":""},"line1":{"S":""}}}]},"id":{"S":"f000ab61-bc91-4ba2-a010-b1ba93a8f27b"},"email":{"S":"mohamedthawfeek96@gmail.com"},"name":{"S":"mohamed"}}
{"paymentId":{"S":"pi_3MZoseIAbvjmWp3N0v2c9O9D"},"paymentStatus":{"S":"paid"},"updatedAt":{"N":"1676005852212"},"createdAt":{"N":"1676005852212"},"amount":{"N":"99"},"paymentMethod":{"S":"card"},"customerDetails":{"L":[{"M":{"country":{"S":"US"},"state":{"S":""},"postal_code":{"S":"84445"},"city":{"S":""},"line2":{"S":""},"line1":{"S":""}}}]},"id":{"S":"232e88b2-cf33-4855-b2aa-e6f4058c34f7"},"email":{"S":"mohamedthawfeek96@gmail.com"},"name":{"S":"mohamed"}}
{"paymentId":{"S":"pi_3MZsM2IAbvjmWp3N1Gobkf13"},"paymentStatus":{"S":"paid"},"updatedAt":{"N":"1676026715910"},"createdAt":{"N":"1676026715910"},"amount":{"N":"60"},"paymentMethod":{"S":"card"},"customerDetails":{"L":[{"M":{"country":{"S":"US"},"state":{"S":""},"postal_code":{"S":"84445"},"city":{"S":""},"line2":{"S":""},"line1":{"S":""}}}]},"id":{"S":"297c3045-ced4-4ab0-93c9-43ebbfefff44"},"email":{"S":"mohamedthawfeek96@gmail.com"},"name":{"S":"mohamed"}}
{"paymentId":{"S":"pi_3MeyNMIAbvjmWp3N14MHJHfV"},"paymentStatus":{"S":"paid"},"updatedAt":{"N":"1677234039906"},"createdAt":{"N":"1677234039906"},"amount":{"N":"75"},"paymentMethod":{"S":"card"},"customerDetails":{"L":[{"M":{"country":{"S":"US"},"state":{"S":""},"postal_code":{"S":"84445"},"city":{"S":""},"line2":{"S":""},"line1":{"S":""}}}]},"id":{"S":"2528994c-baf0-4428-843d-5ab9281b1970"},"email":{"S":"mohamedthawfeek96@gmail.com"},"name":{"S":"mohamed"}}
{"paymentId":{"S":"pi_3MezGYIAbvjmWp3N0PUuPGCZ"},"paymentStatus":{"S":"paid"},"updatedAt":{"N":"1677237425124"},"createdAt":{"N":"1677237425124"},"amount":{"N":"66"},"paymentMethod":{"S":"card"},"customerDetails":{"L":[{"M":{"country":{"S":"US"},"state":{"S":""},"postal_code":{"S":"84445"},"city":{"S":""},"line2":{"S":""},"line1":{"S":""}}}]},"id":{"S":"d496590c-fb4b-4e0a-8e87-61cd2a3c9af3"},"email":{"S":"mohamedthawfeek96@gmail.com"},"name":{"S":"mohamed"}}
{"paymentId":{"S":"PAYID-MPW4CRA7NH78675VF2641400"},"paymentStatus":{"S":"approved"},"updatedAt":{"N":"1676525916035"},"createdAt":{"N":"1676525916035"},"amount":{"N":"164"},"paymentMethod":{"S":"paypal"},"customerDetails":{"L":[{"M":{"country":{"S":"US"},"state":{"S":"CA"},"postal_code":{"S":"95131"},"city":{"S":"San Jose"},"line2":{"S":""},"line1":{"S":"1 Main St"}}}]},"id":{"S":"36ea671f-41fe-4478-bf5d-2d42ea820998"},"email":{"S":"sb-uy243x12992452@personal.example.com"},"name":{"S":"John Doe"}}
{"paymentId":{"S":"pi_3MZsM2IAbvjmWp3N1Gobkf13"},"paymentStatus":{"S":"paid"},"updatedAt":{"N":"1676026937241"},"createdAt":{"N":"1676026937241"},"amount":{"N":"60"},"paymentMethod":{"S":"card"},"customerDetails":{"L":[{"M":{"country":{"S":"US"},"state":{"S":""},"postal_code":{"S":"84445"},"city":{"S":""},"line2":{"S":""},"line1":{"S":""}}}]},"id":{"S":"807c6a92-0f40-449a-9fa3-9602b46bd5f5"},"email":{"S":"mohamedthawfeek96@gmail.com"},"name":{"S":"mohamed"}}
{"paymentId":{"S":"PAYID-MPVBZMQ20J95131TD736103M"},"paymentStatus":{"S":"approved"},"updatedAt":{"N":"1676287174132"},"createdAt":{"N":"1676287174132"},"amount":{"N":"88"},"paymentMethod":{"S":"paypal"},"customerDetails":{"L":[{"M":{"country":{"S":"US"},"state":{"S":"CA"},"postal_code":{"S":"95131"},"city":{"S":"San Jose"},"line2":{"S":""},"line1":{"S":"1 Main St"}}}]},"id":{"S":"eb427b01-22a4-4c37-8d8f-52bf41bda6b8"},"email":{"S":"sb-uy243x12992452@personal.example.com"},"name":{"S":"John Doe"}}
{"paymentId":{"S":"pi_3Mmg2oIAbvjmWp3N0GaqxHwJ"},"paymentStatus":{"S":"paid"},"updatedAt":{"N":"1679070157828"},"createdAt":{"N":"1679070157828"},"amount":{"N":"35"},"paymentMethod":{"S":"card"},"customerDetails":{"L":[{"M":{"country":{"S":"US"},"state":{"S":""},"postal_code":{"S":"84445"},"city":{"S":""},"line2":{"S":""},"line1":{"S":""}}}]},"id":{"S":"1d03f7f8-8914-484a-b5f1-9f48f10ea62c"},"email":{"S":"mohamedthawfeek96@gmail.com"},"name":{"S":"mohame"}}
{"paymentId":{"S":"pi_3MZyv4IAbvjmWp3N1LLTcY1g"},"paymentStatus":{"S":"paid"},"updatedAt":{"N":"1676044449158"},"createdAt":{"N":"1676044449158"},"amount":{"N":"39"},"paymentMethod":{"S":"card"},"customerDetails":{"L":[{"M":{"country":{"S":"US"},"state":{"S":""},"postal_code":{"S":"84445"},"city":{"S":""},"line2":{"S":""},"line1":{"S":""}}}]},"id":{"S":"72f33c02-07f5-4c35-bace-c7581ab57ec5"},"email":{"S":"mohamedthawfeek96@gmail.com"},"name":{"S":"mohamed"}}
{"paymentId":{"S":"PAYID-MPW3IZY5MK75857XE293452L"},"paymentStatus":{"S":"approved"},"updatedAt":{"N":"1676522622655"},"createdAt":{"N":"1676522622655"},"amount":{"N":"252"},"paymentMethod":{"S":"paypal"},"customerDetails":{"L":[{"M":{"country":{"S":"US"},"state":{"S":"CA"},"postal_code":{"S":"95131"},"city":{"S":"San Jose"},"line2":{"S":""},"line1":{"S":"1 Main St"}}}]},"id":{"S":"93bb9cb7-6a80-4fe8-9fe4-2d9aeca5ce5e"},"email":{"S":"sb-uy243x12992452@personal.example.com"},"name":{"S":"John Doe"}}
{"paymentId":{"S":"pi_3MZwlHIAbvjmWp3N06aoQ7k6"},"paymentStatus":{"S":"paid"},"updatedAt":{"N":"1676036153710"},"createdAt":{"N":"1676036153710"},"amount":{"N":"99"},"paymentMethod":{"S":"card"},"customerDetails":{"L":[{"M":{"country":{"S":"US"},"state":{"S":""},"postal_code":{"S":"84445"},"city":{"S":""},"line2":{"S":""},"line1":{"S":""}}}]},"id":{"S":"38c531bd-7881-444c-9d98-226a0acc1898"},"email":{"S":"mohamedthawfeek96@gmail.com"},"name":{"S":"mohamed"}}
{"paymentId":{"S":"pi_3MZsM2IAbvjmWp3N1Gobkf13"},"paymentStatus":{"S":"paid"},"updatedAt":{"N":"1676026937002"},"createdAt":{"N":"1676026937002"},"amount":{"N":"60"},"paymentMethod":{"S":"card"},"customerDetails":{"L":[{"M":{"country":{"S":"US"},"state":{"S":""},"postal_code":{"S":"84445"},"city":{"S":""},"line2":{"S":""},"line1":{"S":""}}}]},"id":{"S":"fc9f71d6-94cc-489e-bf16-f10c8ca0029a"},"email":{"S":"mohamedthawfeek96@gmail.com"},"name":{"S":"mohamed"}}
{"paymentId":{"S":"PAYID-MPU5FVY79D719728T114024T"},"paymentStatus":{"S":"approved"},"updatedAt":{"N":"1676271685315"},"createdAt":{"N":"1676271685315"},"amount":{"N":"99"},"paymentMethod":{"S":"paypal"},"customerDetails":{"L":[{"M":{"country":{"S":"US"},"state":{"S":"CA"},"postal_code":{"S":"95131"},"city":{"S":"San Jose"},"line2":{"S":""},"line1":{"S":"1 Main St"}}}]},"id":{"S":"60e0262d-903a-46f1-86c4-fd57777e187e"},"email":{"S":"sb-uy243x12992452@personal.example.com"},"name":{"S":"John Doe"}}
{"paymentId":{"S":"pi_3MeyPaIAbvjmWp3N1xuX4B7w"},"paymentStatus":{"S":"paid"},"updatedAt":{"N":"1677234133710"},"createdAt":{"N":"1677234133710"},"amount":{"N":"75"},"paymentMethod":{"S":"card"},"customerDetails":{"L":[{"M":{"country":{"S":"US"},"state":{"S":""},"postal_code":{"S":"84445"},"city":{"S":""},"line2":{"S":""},"line1":{"S":""}}}]},"id":{"S":"1c923c4d-e833-4d30-a21e-56ee8c630672"},"email":{"S":"mohamedthawfeek96@gmail.com"},"name":{"S":"mohamed"}}
{"paymentId":{"S":"pi_3MZVv0IAbvjmWp3N1zJRZA5j"},"paymentStatus":{"S":"paid"},"updatedAt":{"N":"1675933036899"},"createdAt":{"N":"1675933036899"},"amount":{"N":"40"},"paymentMethod":{"S":"card"},"customerDetails":{"L":[{"M":{"country":{"S":"US"},"state":{"S":""},"postal_code":{"S":"84445"},"city":{"S":""},"line2":{"S":""},"line1":{"S":""}}}]},"id":{"S":"7448b8b6-4848-4cd7-acf4-1e510465c673"},"email":{"S":"mohamedthawfeek96@gmail.com"},"name":{"S":"mohamed"}}
{"paymentId":{"S":"pi_3MbHUnIAbvjmWp3N0DE4PSII"},"paymentStatus":{"S":"paid"},"updatedAt":{"N":"1676354188621"},"createdAt":{"N":"1676354188621"},"amount":{"N":"252"},"paymentMethod":{"S":"card"},"customerDetails":{"L":[{"M":{"country":{"S":"US"},"state":{"S":""},"postal_code":{"S":"84445"},"city":{"S":""},"line2":{"S":""},"line1":{"S":""}}}]},"id":{"S":"a7086e74-6344-40d5-b419-86587efafcb3"},"email":{"S":"mohamedthawfeek96@gmail.com"},"name":{"S":"mohamed"}}
{"paymentId":{"S":"pi_3MZsJyIAbvjmWp3N0dfcbQUP"},"paymentStatus":{"S":"paid"},"updatedAt":{"N":"1676019094624"},"createdAt":{"N":"1676019094624"},"amount":{"N":"40"},"paymentMethod":{"S":"card"},"customerDetails":{"L":[{"M":{"country":{"S":"US"},"state":{"S":""},"postal_code":{"S":"84445"},"city":{"S":""},"line2":{"S":""},"line1":{"S":""}}}]},"id":{"S":"33d6eefe-460e-49c6-ab72-770a0fcb6513"},"email":{"S":"mohamedthawfeek96@gmail.com"},"name":{"S":"mohamed"}}
{"paymentId":{"S":"pi_3MmgG9IAbvjmWp3N0EERsc7e"},"paymentStatus":{"S":"paid"},"updatedAt":{"N":"1679071130058"},"createdAt":{"N":"1679071130058"},"amount":{"N":"35"},"paymentMethod":{"S":"card"},"customerDetails":{"L":[{"M":{"country":{"S":"US"},"state":{"S":""},"postal_code":{"S":"84445"},"city":{"S":""},"line2":{"S":""},"line1":{"S":""}}}]},"id":{"S":"defb71f1-9eea-44d8-a88f-570c1ac4644c"},"email":{"S":"mohamedthawfeek96@gmail.com"},"name":{"S":"mohame"}}
{"paymentId":{"S":"PAYID-MPS5HLI3CY9920943702891T"},"paymentStatus":{"S":"approved"},"updatedAt":{"N":"1676006946471"},"createdAt":{"N":"1676006946471"},"amount":{"N":"80"},"paymentMethod":{"S":"paypal"},"customerDetails":{"L":[{"M":{"country":{"S":"US"},"state":{"S":"CA"},"postal_code":{"S":"95131"},"city":{"S":"San Jose"},"line2":{"S":""},"line1":{"S":"1 Main St"}}}]},"id":{"S":"8aeeb6b1-0aa7-48e8-879d-139889787149"},"email":{"S":"sb-uy243x12992452@personal.example.com"},"name":{"S":"John Doe"}}
{"paymentId":{"S":"PAYID-MPS5HLI3CY9920943702891T"},"paymentStatus":{"S":"approved"},"updatedAt":{"N":"1676006840268"},"createdAt":{"N":"1676006840268"},"amount":{"N":"80"},"paymentMethod":{"S":"paypal"},"customerDetails":{"L":[{"M":{"country":{"S":"US"},"state":{"S":"CA"},"postal_code":{"S":"95131"},"city":{"S":"San Jose"},"line2":{"S":""},"line1":{"S":"1 Main St"}}}]},"id":{"S":"06a522d3-7348-453c-b52b-d5b74421a3cd"},"email":{"S":"sb-uy243x12992452@personal.example.com"},"name":{"S":"John Doe"}}
{"paymentId":{"S":"pi_3MZohjIAbvjmWp3N1saqB8SF"},"paymentStatus":{"S":"paid"},"updatedAt":{"N":"1676005176143"},"createdAt":{"N":"1676005176143"},"amount":{"N":"40"},"paymentMethod":{"S":"card"},"customerDetails":{"L":[{"M":{"country":{"S":"US"},"state":{"S":""},"postal_code":{"S":"84445"},"city":{"S":""},"line2":{"S":""},"line1":{"S":""}}}]},"id":{"S":"6b49ac57-103e-4186-90c7-a48f63d29e3c"},"email":{"S":"mohamedthawfeek96@gmail.com"},"name":{"S":"mohamed"}}
