{"image":{"S":"https://peacockimage.s3.ap-south-1.amazonaws.com/lakeside/resource/46080188-2582-4b16-b290-e3fbbd2a9b94.undefined"},"updatedAt":{"N":"1679056675159"},"category":{"S":"doc"},"createdAt":{"N":"1679056675159"},"link":{"S":"https://peacockimage.s3.ap-south-1.amazonaws.com/lakeside/videoFile/9512375395"},"id":{"S":"3e8db91f-7ce2-40e6-92f9-8f84d8ae2abd"},"name":{"S":"aws"}}
{"image":{"S":"https://peacockimage.s3.ap-south-1.amazonaws.com/lakeside/resource/97f01ac6-f186-42ac-9bc7-0cdc7c489e25.undefined"},"updatedAt":{"N":"1676638075028"},"category":{"S":"link"},"createdAt":{"N":"1676638075028"},"link":{"S":"https://www.youtube.com/watch?v=Lk-uVEVGxOA"},"id":{"S":"726f4711-ae19-49ac-b5b6-0d24a683516d"},"name":{"S":"test 4"}}
{"image":{"S":"https://peacockimage.s3.ap-south-1.amazonaws.com/lakeside/resource/67f996dc-85a4-41bd-a33e-ef8a9cc929f3.undefined"},"updatedAt":{"N":"1676954231069"},"category":{"S":"image"},"createdAt":{"N":"1676954231069"},"link":{"S":"https://peacockimage.s3.ap-south-1.amazonaws.com/lakeside/videoFile/8044378804"},"id":{"S":"9679aeaa-0d56-41c5-b0cf-5d4dab779f24"},"name":{"S":"knlkml;m"}}
{"image":{"S":"https://peacockimage.s3.ap-south-1.amazonaws.com/lakeside/resource/06f5564b-3f5c-4c6b-a5a3-5d0d88d9821c.undefined"},"updatedAt":{"N":"1676637921471"},"category":{"S":"audio"},"createdAt":{"N":"1676637921471"},"link":{"S":"https://peacockimage.s3.ap-south-1.amazonaws.com/lakeside/videoFile/752181520752"},"id":{"S":"805f9132-b2df-430b-938f-457e9fc20865"},"name":{"S":"test 2"}}
{"image":{"S":"https://peacockimage.s3.ap-south-1.amazonaws.com/lakeside/resource/e2b4c200-12b5-457a-ae5f-18aed39c62df.undefined"},"updatedAt":{"N":"1676638009379"},"category":{"S":"video"},"createdAt":{"N":"1676638009379"},"link":{"S":"https://peacockimage.s3.ap-south-1.amazonaws.com/lakeside/videoFile/308181624308"},"id":{"S":"43c2835d-213c-41e7-800a-80c245adac26"},"name":{"S":"test 3"}}
{"image":{"S":"https://peacockimage.s3.ap-south-1.amazonaws.com/lakeside/resource/77b2f744-7e97-4837-813b-44d5e2daec9e.undefined"},"updatedAt":{"N":"1676954616790"},"category":{"S":"video"},"createdAt":{"N":"1676954616790"},"link":{"S":"https://peacockimage.s3.ap-south-1.amazonaws.com/lakeside/videoFile/66444331664"},"id":{"S":"cba827b3-7840-4f5e-91c6-ce1700b4bb31"},"name":{"S":"thank you"}}
{"image":{"S":"https://peacockimage.s3.amazonaws.com/lakeside/resource/f312f2cd-2903-4531-a30e-7f674eb4f642.undefined"},"updatedAt":{"N":"1676953949014"},"category":{"S":"image"},"createdAt":{"N":"1676953949014"},"link":{"S":"https://peacockimage.s3.ap-south-1.amazonaws.com/lakeside/videoFile/35643227356"},"id":{"S":"5b96f92e-f4be-4905-8941-7e06a42ff7a5"},"name":{"S":"aws video"}}
{"image":{"S":"https://peacockimage.s3.ap-south-1.amazonaws.com/lakeside/resource/18bcdbac-59cb-423c-a637-cbf2080d3b0f.undefined"},"updatedAt":{"N":"1676954635640"},"category":{"S":"video"},"createdAt":{"N":"1676954635640"},"link":{"S":"https://peacockimage.s3.ap-south-1.amazonaws.com/lakeside/videoFile/45244350452"},"id":{"S":"3a71d935-d8d4-4941-9761-e191b9741ba8"},"name":{"S":"thank you"}}
