{"updatedAt":{"N":"1672912644165"},"plan":{"S":"MongoDB Full Course"},"userName":{"S":"Emon Das"},"createdAt":{"N":"1672912643563"},"paymentMethod":{"S":"card"},"email":{"S":"emondaspeacock@gmail.com"},"id":{"S":"4a9c14b8-1345-42d1-8f49-eef28c39abea"},"price":{"N":"6000"},"country":{"S":"BD"},"name":{"S":"Emon"}}
{"updatedAt":{"N":"1669924708164"},"userName":{"S":""},"plan":{"S":"monthly_payment"},"createdAt":{"N":"1669924708164"},"paymentMethod":{"S":""},"price":{"N":"0"},"id":{"S":"123b158f-68bc-4277-8971-ea41eb49b10c"},"email":{"S":"emondaspeacock@gmail.com"},"country":{"S":""},"name":{"S":""}}
{"updatedAt":{"N":"1672912645552"},"plan":{"S":"MongoDB Full Course"},"userName":{"S":"Emon Das"},"createdAt":{"N":"1672912644738"},"paymentMethod":{"S":"card"},"email":{"S":"emondaspeacock@gmail.com"},"id":{"S":"10bf349c-6b66-4c97-b24d-6df24148a76c"},"price":{"N":"6000"},"country":{"S":"BD"},"name":{"S":"Emon"}}
{"updatedAt":{"N":"1669209050165"},"plan":{"S":"oneTime"},"userName":{"S":"testing tes"},"createdAt":{"N":"1669209049134"},"paymentMethod":{"S":"afterpay_clearpay"},"email":{"S":"mohamedthawfeek96@gmail.com"},"id":{"S":"72f66c60-3355-4de3-9516-1980c2d893c4"},"price":{"N":"99900"},"country":{"S":"India"},"name":{"S":"crish"}}
{"updatedAt":{"N":"1675263834580"},"plan":{"S":"database management"},"userName":{"S":"jackson kasi"},"createdAt":{"N":"1675263833596"},"paymentMethod":{"S":"card"},"email":{"S":"emondaspeacock@gmail.com"},"id":{"S":"db9e8d70-6757-4bea-8f11-94dfbc002332"},"price":{"N":"1000"},"country":{"S":"BD"},"name":{"S":"Emon"}}
{"updatedAt":{"N":"1669727935948"},"plan":{"S":"System Design"},"userName":{"S":"adhi karthi"},"createdAt":{"N":"1669727934798"},"paymentMethod":{"S":"card"},"email":{"S":"admin@peacockindia.com"},"id":{"S":"dc6bcd4e-29fc-4a89-a835-36660a97442e"},"price":{"N":"9900"},"country":{"S":"IN"},"name":{"S":"adhi"}}
{"updatedAt":{"N":"1672912640477"},"plan":{"S":"MongoDB Full Course"},"userName":{"S":"Emon Das"},"createdAt":{"N":"1672912639854"},"paymentMethod":{"S":"card"},"email":{"S":"emondaspeacock@gmail.com"},"id":{"S":"6b7e5666-fe3b-4374-915f-81bf3ff1ce66"},"price":{"N":"6000"},"country":{"S":"BD"},"name":{"S":"Emon"}}
{"updatedAt":{"N":"1669732319797"},"plan":{"S":"System Design"},"userName":{"S":"adhi karthi"},"createdAt":{"N":"1669732318513"},"paymentMethod":{"S":"card"},"email":{"S":"admin@peacockindia.com"},"id":{"S":"37a4c11d-b6f3-4de4-a790-a491e9d0b034"},"price":{"N":"9900"},"country":{"S":"IN"},"name":{"S":"adhi"}}
{"updatedAt":{"N":"1673290414185"},"userName":{"S":""},"plan":{"S":"AWS Bootcamp"},"createdAt":{"N":"1673290414185"},"paymentMethod":{"S":""},"price":{"N":"0"},"id":{"S":"be30dcc9-34fd-4251-ab52-c7033cc823ad"},"email":{"S":"emondaspeacock@gmail.com"},"country":{"S":""},"name":{"S":""}}
{"updatedAt":{"N":"1672912300647"},"plan":{"S":"Docker Full Course"},"userName":{"S":"Emon Das"},"createdAt":{"N":"1672912299901"},"paymentMethod":{"S":"card"},"email":{"S":"emondaspeacock@gmail.com"},"id":{"S":"f112c497-87b7-49a7-9dbb-54a5806c8ed0"},"price":{"N":"4000"},"country":{"S":"BD"},"name":{"S":"Emon"}}
{"updatedAt":{"N":"1669732674744"},"plan":{"S":"System Design"},"userName":{"S":"mohamed thawfeek"},"createdAt":{"N":"1669732673365"},"paymentMethod":{"S":"card"},"email":{"S":"mohamedthawfeek96@gmail.com"},"id":{"S":"a99b1155-05fc-4831-9e6a-798ba5c2825d"},"price":{"N":"9900"},"country":{"S":"US"},"name":{"S":"kasi"}}
{"updatedAt":{"N":"1672921499070"},"plan":{"S":"System Design"},"userName":{"S":"Emon Das"},"createdAt":{"N":"1672921498022"},"paymentMethod":{"S":"card"},"email":{"S":"emondaspeacock@gmail.com"},"id":{"S":"7eddace0-5548-4048-9c2c-0c2663613450"},"price":{"N":"9900"},"country":{"S":"BD"},"name":{"S":"Emon"}}
{"updatedAt":{"N":"1672912643412"},"plan":{"S":"MongoDB Full Course"},"userName":{"S":"Emon Das"},"createdAt":{"N":"1672912642528"},"paymentMethod":{"S":"card"},"email":{"S":"emondaspeacock@gmail.com"},"id":{"S":"e3477ae5-c9d9-4e22-a00d-8cff79529d8d"},"price":{"N":"6000"},"country":{"S":"BD"},"name":{"S":"Emon"}}
{"updatedAt":{"N":"1673289796326"},"plan":{"S":"Docker Full Course"},"userName":{"S":"Emon das"},"createdAt":{"N":"1673289795485"},"paymentMethod":{"S":"card"},"email":{"S":"emondaspeacock@gmail.com"},"id":{"S":"7a33d5c5-c003-47b4-a50e-549d80f3f059"},"price":{"N":"4000"},"country":{"S":"BD"},"name":{"S":"Emon"}}
{"updatedAt":{"N":"1671637532008"},"plan":{"S":"Strapi CMS Full Course"},"userName":{"S":"adhithya karthi"},"createdAt":{"N":"1671637530947"},"paymentMethod":{"S":"card"},"email":{"S":"adhithyanpeacock@gmail.com"},"id":{"S":"5784f4cd-33a0-49d4-b82d-d547b04ef0a7"},"price":{"N":"5000"},"country":{"S":"IN"},"name":{"S":"adhi karthi"}}
{"updatedAt":{"N":"1672831923921"},"userName":{"S":""},"plan":{"S":"stripe"},"createdAt":{"N":"1672831923921"},"paymentMethod":{"S":""},"price":{"N":"0"},"id":{"S":"e6e3a69d-02d4-429d-9996-434cad509a06"},"email":{"S":"emondaspeacock@gmail.com"},"country":{"S":""},"name":{"S":""}}
{"updatedAt":{"N":"1673290197583"},"plan":{"S":"Docker Full Course"},"userName":{"S":"Emon das"},"createdAt":{"N":"1673290196885"},"paymentMethod":{"S":"card"},"email":{"S":"emondaspeacock@gmail.com"},"id":{"S":"2c335515-98ea-4d3f-9d36-112ac0c47d53"},"price":{"N":"4000"},"country":{"S":"BD"},"name":{"S":"Emon"}}
{"updatedAt":{"N":"1669812275136"},"userName":{"S":""},"plan":{"S":"monthly_payment"},"createdAt":{"N":"1669812275136"},"paymentMethod":{"S":""},"price":{"N":"0"},"id":{"S":"1ff8b5eb-f000-44fd-9acf-c63082c74e0d"},"email":{"S":"emondaspeacock@gmail.com"},"country":{"S":""},"name":{"S":""}}
{"updatedAt":{"N":"1669732618997"},"userName":{"S":""},"plan":{"S":"monthly_payment"},"createdAt":{"N":"1669732618997"},"paymentMethod":{"S":""},"price":{"N":"0"},"id":{"S":"ba87e1d2-fe4d-4bea-a830-3de4c034b031"},"email":{"S":"emondaspeacock@gmail.com"},"country":{"S":""},"name":{"S":""}}
{"updatedAt":{"N":"1675265035572"},"plan":{"S":"database"},"userName":{"S":"jackson kasi"},"createdAt":{"N":"1675265034805"},"paymentMethod":{"S":"card"},"email":{"S":"emondaspeacock@gmail.com"},"id":{"S":"0470e6fb-45b1-4da2-a39e-9ae552090016"},"price":{"N":"1000"},"country":{"S":"BD"},"name":{"S":"Emon"}}
{"updatedAt":{"N":"1669732964162"},"plan":{"S":"Docker Full Course"},"userName":{"S":"adhithya karthi"},"createdAt":{"N":"1669732962879"},"paymentMethod":{"S":"card"},"email":{"S":"adhithyanpeacock@gmail.com"},"id":{"S":"418cd79e-4f14-4907-88fe-bdd8ca10edf0"},"price":{"N":"6000"},"country":{"S":"IN"},"name":{"S":"adhi"}}
{"updatedAt":{"N":"1672921810292"},"plan":{"S":"Docker Full Course"},"userName":{"S":"Emon Das"},"createdAt":{"N":"1672921809279"},"paymentMethod":{"S":"card"},"email":{"S":"emondaspeacock@gmail.com"},"id":{"S":"6c17b534-1e92-4bb3-a280-0a4661863ec6"},"price":{"N":"4000"},"country":{"S":"BD"},"name":{"S":"Emon"}}
{"updatedAt":{"N":"1670081022796"},"plan":{"S":"System Design"},"userName":{"S":"Jackson Kasi "},"createdAt":{"N":"1670081021765"},"paymentMethod":{"S":"card"},"email":{"S":"nammalvar888@gmail.com"},"id":{"S":"4d2bd9e6-beba-40e3-806d-e3d5984d3e9f"},"price":{"N":"9900"},"country":{"S":"IN"},"name":{"S":"sdf"}}
{"updatedAt":{"N":"1673292122139"},"plan":{"S":"AWS Bootcamp"},"userName":{"S":"Emon Das"},"createdAt":{"N":"1673292121452"},"paymentMethod":{"S":"card"},"email":{"S":"emondaspeacock@gmail.com"},"id":{"S":"3c017fad-46fa-431b-9ea1-3650dfcbd317"},"price":{"N":"6000"},"country":{"S":"BD"},"name":{"S":"Emon"}}
{"updatedAt":{"N":"1673289775154"},"plan":{"S":"Docker Full Course"},"userName":{"S":"Emon das"},"createdAt":{"N":"1673289774017"},"paymentMethod":{"S":"card"},"email":{"S":"emondaspeacock@gmail.com"},"id":{"S":"a656e42b-766a-4ebe-9300-7b138afc4a46"},"price":{"N":"4000"},"country":{"S":"BD"},"name":{"S":"Emon"}}
{"updatedAt":{"N":"1673290292504"},"plan":{"S":"AWS Bootcamp"},"userName":{"S":"Emon das"},"createdAt":{"N":"1673290291783"},"paymentMethod":{"S":"card"},"email":{"S":"emondaspeacock@gmail.com"},"id":{"S":"1bcdf103-5bc7-496d-83ad-c88a386f7f4a"},"price":{"N":"6000"},"country":{"S":"BD"},"name":{"S":"Emon"}}
{"updatedAt":{"N":"1673093417935"},"plan":{"S":"MongoDB Full Course"},"userName":{"S":"Emon Das"},"createdAt":{"N":"1673093416985"},"paymentMethod":{"S":"card"},"email":{"S":"emondaspeacock@gmail.com"},"id":{"S":"15d694b3-49f6-4639-95c5-9f9212a66ced"},"price":{"N":"6000"},"country":{"S":"BD"},"name":{"S":"Emon"}}
{"updatedAt":{"N":"1675423671181"},"plan":{"S":"Time Complexity & design system"},"userName":{"S":"jackson kasi"},"createdAt":{"N":"1675423670583"},"paymentMethod":{"S":"card"},"email":{"S":"mohamedthawfeek96@gmail.com"},"id":{"S":"43bfcac7-4561-4734-bbc1-1035f3742438"},"price":{"N":"6000"},"country":{"S":"US"},"name":{"S":"mohamed"}}
{"updatedAt":{"N":"1672921923262"},"plan":{"S":"AWS Bootcamp"},"userName":{"S":"Emon Das"},"createdAt":{"N":"1672921922570"},"paymentMethod":{"S":"card"},"email":{"S":"emondaspeacock@gmail.com"},"id":{"S":"e052b76b-bf49-46d2-88e2-510f9db67ba8"},"price":{"N":"6000"},"country":{"S":"BD"},"name":{"S":"Emon"}}
{"updatedAt":{"N":"1669269832484"},"plan":{"S":"oneTime"},"userName":{"S":"jackson kasi"},"createdAt":{"N":"1669269830816"},"paymentMethod":{"S":"card"},"email":{"S":"jacksonkasipeacock@gmail.com"},"id":{"S":"b85dd32b-db96-47f5-acec-32042ca61943"},"price":{"N":"99900"},"country":{"S":"NZ"},"name":{"S":"Kasi Visvanathan"}}
{"updatedAt":{"N":"1673291004501"},"plan":{"S":"Docker Full Course"},"userName":{"S":"Emon Das"},"createdAt":{"N":"1673291003670"},"paymentMethod":{"S":"card"},"email":{"S":"emondaspeacock@gmail.com"},"id":{"S":"ed8816a5-20db-451d-9d7c-52a96aade377"},"price":{"N":"4000"},"country":{"S":"BD"},"name":{"S":"Emon"}}
{"updatedAt":{"N":"1673274756928"},"plan":{"S":"System Design"},"userName":{"S":"Emon das"},"createdAt":{"N":"1673274753299"},"paymentMethod":{"S":"card"},"email":{"S":"emondaspeacock@gmail.com"},"id":{"S":"ae5f04e2-8d08-47aa-b2d5-c9928ad1e965"},"price":{"N":"9900"},"country":{"S":"BD"},"name":{"S":"Emon"}}
{"updatedAt":{"N":"1673290417426"},"plan":{"S":"AWS Bootcamp"},"userName":{"S":"Emon das"},"createdAt":{"N":"1673290416715"},"paymentMethod":{"S":"card"},"email":{"S":"emondaspeacock@gmail.com"},"id":{"S":"8ef7f60d-3668-4bb0-9145-18ba2dbb334b"},"price":{"N":"6000"},"country":{"S":"BD"},"name":{"S":"Emon"}}
{"updatedAt":{"N":"1672912336765"},"plan":{"S":"AWS Bootcamp"},"userName":{"S":"Emon Das"},"createdAt":{"N":"1672912336152"},"paymentMethod":{"S":"card"},"email":{"S":"emondaspeacock@gmail.com"},"id":{"S":"00b4c588-9ce5-4c12-aca5-d74eb2c52e80"},"price":{"N":"6000"},"country":{"S":"BD"},"name":{"S":"Emon"}}
{"updatedAt":{"N":"1669734464697"},"plan":{"S":"Strapi CMS Full Course"},"userName":{"S":"adhithya karthi"},"createdAt":{"N":"1669734463428"},"paymentMethod":{"S":"card"},"email":{"S":"adhithyanpeacock@gmail.com"},"id":{"S":"28b3d799-b033-4881-8a08-07738cbcf2cd"},"price":{"N":"5000"},"country":{"S":"IN"},"name":{"S":"adhi"}}
{"updatedAt":{"N":"1669730719676"},"plan":{"S":"docker"},"userName":{"S":"jackson kasi"},"createdAt":{"N":"1669730717900"},"paymentMethod":{"S":"card"},"email":{"S":"nammalvar888@gmail.com"},"id":{"S":"50e8d537-c70f-4ce9-b3a6-1478cd34508a"},"price":{"N":"6000"},"country":{"S":"GT"},"name":{"S":"sdf"}}
{"updatedAt":{"N":"1670126987984"},"plan":{"S":"System Design"},"userName":{"S":"fun baby "},"createdAt":{"N":"1670126986855"},"paymentMethod":{"S":"card"},"email":{"S":"nammalvar888@gmail.com"},"id":{"S":"dd8e8cae-78a7-4249-a5b4-745e81f0b391"},"price":{"N":"9900"},"country":{"S":"IN"},"name":{"S":"kasi"}}
{"updatedAt":{"N":"1673289736808"},"plan":{"S":"Docker Full Course"},"userName":{"S":"Emon das"},"createdAt":{"N":"1673289736111"},"paymentMethod":{"S":"card"},"email":{"S":"emondaspeacock@gmail.com"},"id":{"S":"4052c00e-a5ad-4f74-8109-e0a3313fa2ce"},"price":{"N":"4000"},"country":{"S":"BD"},"name":{"S":"Emon"}}
{"updatedAt":{"N":"1673290317488"},"plan":{"S":"AWS Bootcamp"},"userName":{"S":"Emon das"},"createdAt":{"N":"1673290316733"},"paymentMethod":{"S":"card"},"email":{"S":"emondaspeacock@gmail.com"},"id":{"S":"60f4e32f-011f-46be-a34b-f7184191e720"},"price":{"N":"6000"},"country":{"S":"BD"},"name":{"S":"Emon"}}
{"updatedAt":{"N":"1671940489131"},"plan":{"S":"oneTime"},"userName":{"S":"jackson kasi"},"createdAt":{"N":"1671940487507"},"paymentMethod":{"S":"card"},"email":{"S":"nammalvar888@gmail.com"},"id":{"S":"4273c7c8-07f8-4bff-ba4b-31e9e841f40d"},"price":{"N":"99900"},"country":{"S":"AU"},"name":{"S":"Kasi Visvanathan"}}
{"updatedAt":{"N":"1672830498611"},"plan":{"S":"oneTime"},"userName":{"S":"mohamed thawfeek"},"createdAt":{"N":"1672829571129"},"paymentMethod":{"S":"card"},"email":{"S":"mohamedthawfeek96@gmail.com"},"id":{"S":"b0f712c6-0ab6-42c6-9f38-c77e8c6f3d6e"},"price":{"N":"99900"},"country":{"S":"US"},"name":{"S":"crish"}}
{"updatedAt":{"N":"1672912642714"},"plan":{"S":"MongoDB Full Course"},"userName":{"S":"Emon Das"},"createdAt":{"N":"1672912642083"},"paymentMethod":{"S":"card"},"email":{"S":"emondaspeacock@gmail.com"},"id":{"S":"3e7bdc90-6e21-4c42-9896-6552d3af915f"},"price":{"N":"6000"},"country":{"S":"BD"},"name":{"S":"Emon"}}
{"updatedAt":{"N":"1669443920659"},"plan":{"S":"System Design"},"userName":{"S":"adhi karthi"},"createdAt":{"N":"1669443919518"},"paymentMethod":{"S":"card"},"email":{"S":"admin@peacockindia.com"},"id":{"S":"abcd7421-ca1b-45eb-ac04-87482e7e6211"},"price":{"N":"9900"},"country":{"S":"IN"},"name":{"S":"adhi"}}
{"updatedAt":{"N":"1673289630097"},"plan":{"S":"Docker Full Course"},"userName":{"S":"Emon das"},"createdAt":{"N":"1673289629094"},"paymentMethod":{"S":"card"},"email":{"S":"emondaspeacock@gmail.com"},"id":{"S":"64c535e6-5f10-4aba-aa1c-12e638c7c004"},"price":{"N":"4000"},"country":{"S":"BD"},"name":{"S":"Emon"}}
{"updatedAt":{"N":"1670597731382"},"plan":{"S":"oneTime"},"userName":{"S":"jackson kasi"},"createdAt":{"N":"1670597730042"},"paymentMethod":{"S":"card"},"email":{"S":"mohamedthawfeek96@gmail.com"},"id":{"S":"8d1ed78a-50c5-447a-af9e-2f05a044297e"},"price":{"N":"99900"},"country":{"S":"US"},"name":{"S":"crish"}}
{"updatedAt":{"N":"1671546920736"},"plan":{"S":"oneTime"},"userName":{"S":"nothing is impossible "},"createdAt":{"N":"1671546919195"},"paymentMethod":{"S":"card"},"email":{"S":"nammalvar888@gmail.com"},"id":{"S":"786e6cd7-c257-49c6-803c-c6cf1207c452"},"price":{"N":"99900"},"country":{"S":"NZ"},"name":{"S":"Kasi Visvanathan"}}
{"updatedAt":{"N":"1673274790372"},"plan":{"S":"System Design"},"userName":{"S":"Emon das"},"createdAt":{"N":"1673274786240"},"paymentMethod":{"S":"card"},"email":{"S":"emondaspeacock@gmail.com"},"id":{"S":"e2ff9eb1-ac5a-4cd8-af43-f1da23f10247"},"price":{"N":"9900"},"country":{"S":"BD"},"name":{"S":"Emon"}}
{"updatedAt":{"N":"1671635432558"},"plan":{"S":"Docker Full Course"},"userName":{"S":"adhi karthi"},"createdAt":{"N":"1671635431518"},"paymentMethod":{"S":"card"},"email":{"S":"adhithyanpeacock@gmail.com"},"id":{"S":"280a644a-dff3-4e7e-952f-2cdf1f06bae4"},"price":{"N":"4000"},"country":{"S":"IN"},"name":{"S":"adhi karthi"}}
{"updatedAt":{"N":"1672929473781"},"plan":{"S":"algorithm"},"userName":{"S":"jackson kasi"},"createdAt":{"N":"1672929472614"},"paymentMethod":{"S":"card"},"email":{"S":"nammalvar888@gmail.com"},"id":{"S":"a0f376f8-d836-4ff8-b7a9-82d8fcdc5dff"},"price":{"N":"1000"},"country":{"S":"IN"},"name":{"S":"sdf"}}
{"updatedAt":{"N":"1672912055755"},"plan":{"S":"System Design"},"userName":{"S":"Emon Das"},"createdAt":{"N":"1672912055122"},"paymentMethod":{"S":"card"},"email":{"S":"emondaspeacock@gmail.com"},"id":{"S":"3f29a6f8-c732-4428-a985-ae1be4a87426"},"price":{"N":"9900"},"country":{"S":"BD"},"name":{"S":"Emon"}}
{"updatedAt":{"N":"1672830917557"},"userName":{"S":""},"plan":{"S":"oneTime"},"createdAt":{"N":"1672830917557"},"paymentMethod":{"S":""},"price":{"N":"0"},"id":{"S":"b94b23e1-cb92-4e4f-b78f-6747b7f0e458"},"email":{"S":"emondaspeacock@gmail.com"},"country":{"S":""},"name":{"S":""}}
{"updatedAt":{"N":"1669371561942"},"plan":{"S":"Strapi CMS Full Course"},"userName":{"S":"jackson kasi"},"createdAt":{"N":"1669371560116"},"paymentMethod":{"S":"card"},"email":{"S":"nammalvar888@gmail.com"},"id":{"S":"90ff16cc-0f26-4576-8b4f-8337076294e3"},"price":{"N":"5000"},"country":{"S":"GP"},"name":{"S":"kasi"}}
{"updatedAt":{"N":"1672912119952"},"plan":{"S":"Docker Full Course"},"userName":{"S":"Emon Das"},"createdAt":{"N":"1672912119286"},"paymentMethod":{"S":"card"},"email":{"S":"emondaspeacock@gmail.com"},"id":{"S":"fa3cdc3e-e3f8-4eca-beaa-769075c9d91b"},"price":{"N":"4000"},"country":{"S":"BD"},"name":{"S":"Emon"}}
{"updatedAt":{"N":"1669924624038"},"userName":{"S":""},"plan":{"S":"monthly_payment"},"createdAt":{"N":"1669924624038"},"paymentMethod":{"S":""},"price":{"N":"0"},"id":{"S":"e0aa0f8b-e0f8-455f-88bf-43b874736165"},"email":{"S":"emondaspeacock@gmail.com"},"country":{"S":""},"name":{"S":""}}
{"updatedAt":{"N":"1669789911561"},"plan":{"S":"docker"},"userName":{"S":"jackson kasi"},"createdAt":{"N":"1669789910057"},"paymentMethod":{"S":"card"},"email":{"S":"nammalvar888@gmail.com"},"id":{"S":"cfc32f9f-837e-4d68-b94c-4969b93f2df2"},"price":{"N":"6000"},"country":{"S":"GT"},"name":{"S":"sdf"}}
{"updatedAt":{"N":"1669924808299"},"userName":{"S":""},"plan":{"S":"monthly_payment"},"createdAt":{"N":"1669924808299"},"paymentMethod":{"S":""},"price":{"N":"0"},"id":{"S":"c46fb3d5-c7bf-464c-9024-328233608489"},"email":{"S":"emondaspeacock@gmail.com"},"country":{"S":""},"name":{"S":""}}
{"updatedAt":{"N":"1672912639357"},"plan":{"S":"MongoDB Full Course"},"userName":{"S":"Emon Das"},"createdAt":{"N":"1672912638628"},"paymentMethod":{"S":"card"},"email":{"S":"emondaspeacock@gmail.com"},"id":{"S":"74f8798c-e3ef-4c17-a1c5-4a3fbf192795"},"price":{"N":"6000"},"country":{"S":"BD"},"name":{"S":"Emon"}}
{"updatedAt":{"N":"1675424340355"},"userName":{"S":""},"plan":{"S":"stripe"},"createdAt":{"N":"1675424340355"},"paymentMethod":{"S":""},"price":{"N":"0"},"id":{"S":"746e3238-a544-42ae-8dea-6a63b64a7596"},"email":{"S":""},"country":{"S":""},"name":{"S":""}}
{"updatedAt":{"N":"1674906327739"},"plan":{"S":"stripe"},"userName":{"S":"mohamed thawfeek"},"createdAt":{"N":"1674906261254"},"paymentMethod":{"S":"card"},"email":{"S":"mohamedthawfeek96@gmail.com"},"id":{"S":"52ed1b3b-ae6c-4b3e-9301-4e5177bd6eb4"},"price":{"N":"99900"},"country":{"S":"US"},"name":{"S":"crish"}}
{"updatedAt":{"N":"1669732513510"},"userName":{"S":""},"plan":{"S":"monthly_payment"},"createdAt":{"N":"1669732513510"},"paymentMethod":{"S":""},"price":{"N":"0"},"id":{"S":"1c5073e7-d4a9-49c4-b0a2-4d8f7115bda9"},"email":{"S":"emondaspeacock@gmail.com"},"country":{"S":""},"name":{"S":""}}
{"updatedAt":{"N":"1673093432755"},"plan":{"S":"MongoDB Full Course"},"userName":{"S":"Emon Das"},"createdAt":{"N":"1673093431474"},"paymentMethod":{"S":"card"},"email":{"S":"emondaspeacock@gmail.com"},"id":{"S":"fc1e9e4a-b1f9-4cf4-8678-55476acef59e"},"price":{"N":"6000"},"country":{"S":"BD"},"name":{"S":"Emon"}}
{"updatedAt":{"N":"1673290216267"},"plan":{"S":"Docker Full Course"},"userName":{"S":"Emon das"},"createdAt":{"N":"1673290215324"},"paymentMethod":{"S":"card"},"email":{"S":"emondaspeacock@gmail.com"},"id":{"S":"b3b0cdbd-d455-4052-ac31-7f4df53f9de6"},"price":{"N":"4000"},"country":{"S":"BD"},"name":{"S":"Emon"}}
{"updatedAt":{"N":"1670427417139"},"plan":{"S":"Strapi CMS Full Course"},"userName":{"S":"Jackson Kasi "},"createdAt":{"N":"1670427416031"},"paymentMethod":{"S":"card"},"email":{"S":"nammalvar888@gmail.com"},"id":{"S":"f53b94ee-b902-4990-b486-e54caf4e6311"},"price":{"N":"5000"},"country":{"S":"IN"},"name":{"S":"sdf"}}
{"updatedAt":{"N":"1669732746018"},"plan":{"S":"System Design"},"userName":{"S":"adhithya karthi"},"createdAt":{"N":"1669732743534"},"paymentMethod":{"S":"card"},"email":{"S":"adhithyanpeacock@gmail.com"},"id":{"S":"12b223de-a6c9-470f-b14f-fe95f2fead05"},"price":{"N":"9900"},"country":{"S":"IN"},"name":{"S":"adhi"}}
{"updatedAt":{"N":"1673290850140"},"plan":{"S":"System Design"},"userName":{"S":"Emon Das"},"createdAt":{"N":"1673290849404"},"paymentMethod":{"S":"card"},"email":{"S":"emondaspeacock@gmail.com"},"id":{"S":"8073d256-816d-47f1-82bd-e04854d444f6"},"price":{"N":"9900"},"country":{"S":"BD"},"name":{"S":"Emon"}}
{"updatedAt":{"N":"1673289789254"},"userName":{"S":""},"plan":{"S":"Docker Full Course"},"createdAt":{"N":"1673289789254"},"paymentMethod":{"S":""},"price":{"N":"0"},"id":{"S":"48d32040-c56c-416d-bc9a-e4fb8b3cd2bd"},"email":{"S":"emondaspeacock@gmail.com"},"country":{"S":""},"name":{"S":""}}
{"updatedAt":{"N":"1673289776740"},"plan":{"S":"Docker Full Course"},"userName":{"S":"Emon das"},"createdAt":{"N":"1673289776028"},"paymentMethod":{"S":"card"},"email":{"S":"emondaspeacock@gmail.com"},"id":{"S":"d7d82920-9cf5-4f9b-83a5-0214d0ee4bb8"},"price":{"N":"4000"},"country":{"S":"BD"},"name":{"S":"Emon"}}
{"updatedAt":{"N":"1672912608956"},"plan":{"S":"MongoDB Full Course"},"userName":{"S":"Emon Das"},"createdAt":{"N":"1672912608323"},"paymentMethod":{"S":"card"},"email":{"S":"emondaspeacock@gmail.com"},"id":{"S":"4fadc5af-7102-41bf-a813-c078a6a21032"},"price":{"N":"6000"},"country":{"S":"BD"},"name":{"S":"Emon"}}
{"updatedAt":{"N":"1673290193672"},"plan":{"S":"Docker Full Course"},"userName":{"S":"Emon das"},"createdAt":{"N":"1673290192935"},"paymentMethod":{"S":"card"},"email":{"S":"emondaspeacock@gmail.com"},"id":{"S":"90c49ec7-ad3b-41a4-9102-2339abd03ae0"},"price":{"N":"4000"},"country":{"S":"BD"},"name":{"S":"Emon"}}
{"updatedAt":{"N":"1672911904369"},"plan":{"S":"Docker Full Course"},"userName":{"S":"jackson kasi"},"createdAt":{"N":"1672911903625"},"paymentMethod":{"S":"card"},"email":{"S":"emondaspeacock@gmail.com"},"id":{"S":"1448cbc6-8adf-4de7-a7ab-6759d419866c"},"price":{"N":"4000"},"country":{"S":"BD"},"name":{"S":"Emon"}}
{"updatedAt":{"N":"1673290192148"},"plan":{"S":"Docker Full Course"},"userName":{"S":"Emon das"},"createdAt":{"N":"1673290191156"},"paymentMethod":{"S":"card"},"email":{"S":"emondaspeacock@gmail.com"},"id":{"S":"e0dc2fbc-933b-4e5c-8792-e8e800a4388c"},"price":{"N":"4000"},"country":{"S":"BD"},"name":{"S":"Emon"}}
{"updatedAt":{"N":"1673093334493"},"plan":{"S":"MongoDB Full Course"},"userName":{"S":"Emon Das"},"createdAt":{"N":"1673093333575"},"paymentMethod":{"S":"card"},"email":{"S":"emondaspeacock@gmail.com"},"id":{"S":"e43ca911-55a6-40a7-a198-e0297769cb6f"},"price":{"N":"6000"},"country":{"S":"BD"},"name":{"S":"Emon"}}
{"updatedAt":{"N":"1672912641674"},"plan":{"S":"MongoDB Full Course"},"userName":{"S":"Emon Das"},"createdAt":{"N":"1672912640621"},"paymentMethod":{"S":"card"},"email":{"S":"emondaspeacock@gmail.com"},"id":{"S":"8fdf5dc8-ebe4-4b37-ae9c-a5c3cd9a1f3e"},"price":{"N":"6000"},"country":{"S":"BD"},"name":{"S":"Emon"}}
{"updatedAt":{"N":"1673290304622"},"plan":{"S":"AWS Bootcamp"},"userName":{"S":"Emon das"},"createdAt":{"N":"1673290303925"},"paymentMethod":{"S":"card"},"email":{"S":"emondaspeacock@gmail.com"},"id":{"S":"7fefb401-663f-4ada-83dd-49b975955362"},"price":{"N":"6000"},"country":{"S":"BD"},"name":{"S":"Emon"}}
{"updatedAt":{"N":"1669361325985"},"plan":{"S":"sdf 3"},"userName":{"S":"jackson kasi"},"createdAt":{"N":"1669361323700"},"paymentMethod":{"S":"card"},"email":{"S":"nammalvar888@gmail.com"},"id":{"S":"50e9552d-8124-424f-83cd-2b8a765f45f1"},"price":{"N":"2000"},"country":{"S":"GN"},"name":{"S":"kasi"}}
{"updatedAt":{"N":"1672912560765"},"plan":{"S":"AWS Bootcamp"},"userName":{"S":"Emon Das"},"createdAt":{"N":"1672912559977"},"paymentMethod":{"S":"card"},"email":{"S":"emondaspeacock@gmail.com"},"id":{"S":"7a695ccd-707b-4b13-82c3-a4baa7fca493"},"price":{"N":"6000"},"country":{"S":"BD"},"name":{"S":"Emon"}}
{"updatedAt":{"N":"1672831250969"},"plan":{"S":"stripe"},"userName":{"S":"mohamed thawfeek"},"createdAt":{"N":"1672830973660"},"paymentMethod":{"S":"card"},"email":{"S":"mohamedthawfeek96@gmail.com"},"id":{"S":"40b7843a-076c-4d8d-9134-a6633e336da3"},"price":{"N":"99900"},"country":{"S":"US"},"name":{"S":"crish"}}
{"updatedAt":{"N":"1669386883456"},"plan":{"S":"oneTime"},"userName":{"S":"jackson kasi"},"createdAt":{"N":"1669386881931"},"paymentMethod":{"S":"card"},"email":{"S":"jacksonkasipeacock@gmail.com"},"id":{"S":"8f190ad7-4632-4f91-85ec-4da416d2e357"},"price":{"N":"99900"},"country":{"S":"AU"},"name":{"S":"jackson kasi"}}
{"updatedAt":{"N":"1669443862291"},"plan":{"S":"oneTime"},"userName":{"S":"adhi karthi"},"createdAt":{"N":"1669443859870"},"paymentMethod":{"S":"card"},"email":{"S":"admin@peacockindia.com"},"id":{"S":"932a952b-4c2b-4465-9b44-0acd080c63ef"},"price":{"N":"99900"},"country":{"S":"US"},"name":{"S":"adhi"}}
{"updatedAt":{"N":"1672928503168"},"plan":{"S":"stripe"},"userName":{"S":"jackson kasi"},"createdAt":{"N":"1672928500947"},"paymentMethod":{"S":"card"},"email":{"S":"jaky@gmail.com"},"id":{"S":"472b10b4-e13b-485b-a02f-2404ef021347"},"price":{"N":"99900"},"country":{"S":"AU"},"name":{"S":"jaky"}}
{"updatedAt":{"N":"1673274777935"},"plan":{"S":"System Design"},"userName":{"S":"Emon das"},"createdAt":{"N":"1673274776145"},"paymentMethod":{"S":"card"},"email":{"S":"emondaspeacock@gmail.com"},"id":{"S":"16c7023a-1030-40db-8d6b-7a3419f72298"},"price":{"N":"9900"},"country":{"S":"BD"},"name":{"S":"Emon"}}
{"updatedAt":{"N":"1672912336997"},"plan":{"S":"AWS Bootcamp"},"userName":{"S":"Emon Das"},"createdAt":{"N":"1672912336353"},"paymentMethod":{"S":"card"},"email":{"S":"emondaspeacock@gmail.com"},"id":{"S":"6fb944fd-04e0-4971-85c8-4f26aedcb9f1"},"price":{"N":"6000"},"country":{"S":"BD"},"name":{"S":"Emon"}}
{"updatedAt":{"N":"1673341107253"},"plan":{"S":"MongoDB Full Course"},"userName":{"S":"Emon Das"},"createdAt":{"N":"1673341105983"},"paymentMethod":{"S":"card"},"email":{"S":"emondaspeacock@gmail.com"},"id":{"S":"dee69b3d-7c93-40a8-b182-9c6386d7d2ca"},"price":{"N":"6000"},"country":{"S":"BD"},"name":{"S":"Emon"}}
{"updatedAt":{"N":"1669300479527"},"plan":{"S":"oneTime"},"userName":{"S":"adhi karthi"},"createdAt":{"N":"1669300477583"},"paymentMethod":{"S":"card"},"email":{"S":"admin@peacockindia.com"},"id":{"S":"ee61342e-0ddf-4a91-ae2c-3411a43e2e81"},"price":{"N":"99900"},"country":{"S":"US"},"name":{"S":"adhi"}}
{"updatedAt":{"N":"1669732278630"},"userName":{"S":""},"plan":{"S":"monthly_payment"},"createdAt":{"N":"1669732278630"},"paymentMethod":{"S":""},"price":{"N":"0"},"id":{"S":"70e2e800-a013-4c9a-9a99-8dec2e66b616"},"email":{"S":"emondaspeacock@gmail.com"},"country":{"S":""},"name":{"S":""}}
{"updatedAt":{"N":"1672912644615"},"plan":{"S":"MongoDB Full Course"},"userName":{"S":"Emon Das"},"createdAt":{"N":"1672912644008"},"paymentMethod":{"S":"card"},"email":{"S":"emondaspeacock@gmail.com"},"id":{"S":"315ab56b-a2e7-4c48-a086-843a22136801"},"price":{"N":"6000"},"country":{"S":"BD"},"name":{"S":"Emon"}}
{"updatedAt":{"N":"1675263419138"},"plan":{"S":"database management"},"userName":{"S":"jackson kasi"},"createdAt":{"N":"1675263418374"},"paymentMethod":{"S":"card"},"email":{"S":"emondaspeacock@gmail.com"},"id":{"S":"c0598653-d32d-4cdb-868f-b2a6aca0e96c"},"price":{"N":"1000"},"country":{"S":"BD"},"name":{"S":"Emon"}}
{"updatedAt":{"N":"1669269890236"},"plan":{"S":"System Design"},"userName":{"S":"jackson kasi"},"createdAt":{"N":"1669269888496"},"paymentMethod":{"S":"card"},"email":{"S":"nammalvar888@gmail.com"},"id":{"S":"16f3d95f-f6b4-42b2-845d-8f74b963db72"},"price":{"N":"9900"},"country":{"S":"IN"},"name":{"S":"kasi"}}
{"updatedAt":{"N":"1673290205221"},"plan":{"S":"Docker Full Course"},"userName":{"S":"Emon das"},"createdAt":{"N":"1673290204427"},"paymentMethod":{"S":"card"},"email":{"S":"emondaspeacock@gmail.com"},"id":{"S":"eb8d2d43-1df2-42c7-8bb6-c22c4290238b"},"price":{"N":"4000"},"country":{"S":"BD"},"name":{"S":"Emon"}}
{"updatedAt":{"N":"1669300596352"},"plan":{"S":"sdf"},"userName":{"S":"adhi karthi"},"createdAt":{"N":"1669300595136"},"paymentMethod":{"S":"card"},"email":{"S":"admin@peacockindia.com"},"id":{"S":"77b12f6f-33bb-437f-8599-004f1400eac9"},"price":{"N":"2000"},"country":{"S":"IN"},"name":{"S":"adhi"}}
{"updatedAt":{"N":"1670593658920"},"plan":{"S":"oneTime"},"userName":{"S":"jackson kasi"},"createdAt":{"N":"1670593658106"},"paymentMethod":{"S":"card"},"email":{"S":"mohamedthawfeek96@gmail.com"},"id":{"S":"f1ecead7-ea39-4ec3-aed0-93df422a849c"},"price":{"N":"99900"},"country":{"S":"US"},"name":{"S":"crish"}}
{"updatedAt":{"N":"1673290425595"},"plan":{"S":"AWS Bootcamp"},"userName":{"S":"Emon das"},"createdAt":{"N":"1673290424870"},"paymentMethod":{"S":"card"},"email":{"S":"emondaspeacock@gmail.com"},"id":{"S":"adb9efc9-0d3c-42ce-83d1-9e242e15c693"},"price":{"N":"6000"},"country":{"S":"BD"},"name":{"S":"Emon"}}
{"updatedAt":{"N":"1675323391972"},"plan":{"S":"sdsds"},"userName":{"S":"jackson kasi"},"createdAt":{"N":"1675323391314"},"paymentMethod":{"S":"card"},"email":{"S":"mohamedthawfeek96@gmail.com"},"id":{"S":"20dc6184-f796-4bc8-a53c-29bfbb2ba01c"},"price":{"N":"4900"},"country":{"S":"US"},"name":{"S":"mohamed"}}
{"updatedAt":{"N":"1672912646037"},"plan":{"S":"MongoDB Full Course"},"userName":{"S":"Emon Das"},"createdAt":{"N":"1672912645152"},"paymentMethod":{"S":"card"},"email":{"S":"emondaspeacock@gmail.com"},"id":{"S":"aed7017f-65bd-48b2-a25d-fb25a7729563"},"price":{"N":"6000"},"country":{"S":"BD"},"name":{"S":"Emon"}}
{"updatedAt":{"N":"1675423609457"},"plan":{"S":"Time Complexity & design system"},"userName":{"S":"jackson kasi"},"createdAt":{"N":"1675423608779"},"paymentMethod":{"S":"card"},"email":{"S":"mohamedthawfeek96@gmail.com"},"id":{"S":"1ebbd6f2-e9d8-45ad-86a5-0c2d210c4f6a"},"price":{"N":"6000"},"country":{"S":"US"},"name":{"S":"mohamed"}}
{"updatedAt":{"N":"1672912609163"},"plan":{"S":"MongoDB Full Course"},"userName":{"S":"Emon Das"},"createdAt":{"N":"1672912608556"},"paymentMethod":{"S":"card"},"email":{"S":"emondaspeacock@gmail.com"},"id":{"S":"3c0c5bb8-4493-4d09-a873-811afb402774"},"price":{"N":"6000"},"country":{"S":"BD"},"name":{"S":"Emon"}}
{"updatedAt":{"N":"1672912642285"},"plan":{"S":"MongoDB Full Course"},"userName":{"S":"Emon Das"},"createdAt":{"N":"1672912641636"},"paymentMethod":{"S":"card"},"email":{"S":"emondaspeacock@gmail.com"},"id":{"S":"42c2c349-5295-4880-a6c0-de1092204ead"},"price":{"N":"6000"},"country":{"S":"BD"},"name":{"S":"Emon"}}
{"updatedAt":{"N":"1669211022978"},"plan":{"S":"monthly_payment"},"userName":{"S":"kasi  testing"},"createdAt":{"N":"1669211021701"},"paymentMethod":{"S":"card"},"email":{"S":"mohamedthawfeek96@gmail.com"},"id":{"S":"1e382a1a-1eea-47b7-9747-3f7bc19a9d03"},"price":{"N":"9900"},"country":{"S":""},"name":{"S":"kasi"}}
{"updatedAt":{"N":"1672912646790"},"plan":{"S":"MongoDB Full Course"},"userName":{"S":"Emon Das"},"createdAt":{"N":"1672912645918"},"paymentMethod":{"S":"card"},"email":{"S":"emondaspeacock@gmail.com"},"id":{"S":"1c53ee2d-36d9-4a95-8b5b-d1a93f00725b"},"price":{"N":"6000"},"country":{"S":"BD"},"name":{"S":"Emon"}}
