{"ispromotion":{"S":""},"isShowProfile":{"BOOL":false},"ismentor":{"S":""},"archive_lakeside_learn":{"S":"undefined"},"lastName":{"S":"test"},"bio":{"S":""},"userName":{"S":"Jackson test"},"profilePic":{"S":" "},"youself":{"S":"undefined"},"iscourse":{"S":""},"createdAt":{"N":"1671883137217"},"area_of_interest":{"S":"undefined"},"referalCode":{"S":""},"profileType":{"S":""},"email":{"S":"rkgjsqwcqxjm@triots.com"},"country":{"S":""},"firstName":{"S":"Jackson"},"interest_level":{"S":"undefined"},"user_role_id":{"S":"2"},"updatedAt":{"N":"1671883137217"},"id":{"S":"b4861a51-0a77-47dd-9aae-c2740790740c"},"issecurity":{"S":""}}
{"ispromotion":{"S":""},"isShowProfile":{"BOOL":false},"ismentor":{"S":""},"archive_lakeside_learn":{"S":"Exercising my brain to stay sharp"},"lastName":{"S":"Adepoju"},"bio":{"S":""},"userName":{"S":"john Doe"},"profilePic":{"S":" "},"youself":{"S":"Professional"},"iscourse":{"S":""},"createdAt":{"N":"1676953490082"},"area_of_interest":{"S":"Cloud Computing"},"referalCode":{"S":""},"profileType":{"S":""},"email":{"S":"adepojubabajide@gmail.com"},"country":{"S":""},"firstName":{"S":"Babajide"},"interest_level":{"S":"I'm a beginner"},"user_role_id":{"S":"2"},"updatedAt":{"N":"1676953490082"},"id":{"S":"3d192a6d-be82-49de-a0cc-e5cc66ad2b3e"},"phone":{"S":"5712746425"},"issecurity":{"S":""}}
{"ispromotion":{"S":""},"ismentor":{"S":""},"archive_lakeside_learn":{"S":"undefined"},"bio":{"S":""},"lastName":{"S":"Kasi"},"userName":{"S":"Jackson Kasi"},"area_of_interest":{"S":"undefined"},"createdAt":{"N":"1671938412436"},"iscourse":{"S":""},"profilePic":{"S":" "},"youself":{"S":"undefined"},"profileType":{"S":""},"referalCode":{"S":"https://lakesidelearn.com?name=Jackson Kasi"},"email":{"S":"jfegrupyingde@triots.com"},"country":{"S":""},"firstName":{"S":"Jackson"},"interest_level":{"S":"undefined"},"user_role_id":{"S":"2"},"updatedAt":{"N":"1671942136499"},"id":{"S":"81a9c247-a473-4b74-b7ac-43e5351d93b6"},"issecurity":{"S":""}}
{"ispromotion":{"S":""},"ismentor":{"S":""},"archive_lakeside_learn":{"S":"null"},"bio":{"S":""},"lastName":{"S":"tet"},"userName":{"S":"jackson tet"},"area_of_interest":{"S":"AWS Certification"},"createdAt":{"N":"1671943797110"},"iscourse":{"S":""},"profilePic":{"S":" "},"youself":{"S":"Other"},"profileType":{"S":""},"referalCode":{"S":"https://lakesidelearn.com?name=jackson tet"},"email":{"S":"fdbarzjxzowiq@triots.com"},"country":{"S":""},"firstName":{"S":"jackson"},"interest_level":{"S":"I'm an intermediate"},"user_role_id":{"S":"2"},"updatedAt":{"N":"1671948011932"},"id":{"S":"801782f9-cef9-4288-becf-fe4e70ea25a7"},"issecurity":{"S":""}}
{"ispromotion":{"S":""},"isShowProfile":{"BOOL":false},"ismentor":{"S":""},"archive_lakeside_learn":{"S":"null"},"lastName":{"S":"Visvanathan"},"bio":{"S":""},"userName":{"S":"Kasi Visvanathan"},"profilePic":{"S":" "},"youself":{"S":"null"},"iscourse":{"S":""},"createdAt":{"N":"1672932791376"},"area_of_interest":{"S":"null"},"referalCode":{"S":""},"profileType":{"S":""},"email":{"S":"vfdgdwa@triots.com"},"country":{"S":""},"firstName":{"S":"Kasi"},"interest_level":{"S":"null"},"user_role_id":{"S":"2"},"updatedAt":{"N":"1672932791376"},"id":{"S":"ae10c23c-676d-40d2-a06a-6417e5e9e917"},"issecurity":{"S":""}}
{"ispromotion":{"S":""},"ismentor":{"S":""},"archive_lakeside_learn":{"S":"undefined"},"bio":{"S":""},"lastName":{"S":""},"userName":{"S":"Jackson Kasi "},"area_of_interest":{"S":"undefined"},"createdAt":{"N":"1669925661779"},"iscourse":{"S":""},"profilePic":{"S":"https://peacockimage.s3.ap-south-1.amazonaws.com/lakeside/profilePic/771154219771"},"youself":{"S":"undefined"},"profileType":{"S":"Intermediate"},"referalCode":{"S":"https://lakesidelearn.com?name=Jackson Kasi "},"email":{"S":"nammalvar888@gmail.com"},"country":{"S":"Morocco"},"firstName":{"S":""},"interest_level":{"S":"undefined"},"user_role_id":{"S":"2"},"updatedAt":{"N":"1670425070863"},"id":{"S":"a8bd7814-1bbd-4f60-b8ea-125cbd14867f"},"issecurity":{"S":""}}
{"ispromotion":{"S":""},"ismentor":{"S":""},"archive_lakeside_learn":{"S":"undefined"},"lastName":{"S":""},"bio":{"S":""},"userName":{"S":"Nammalvar Nammalvar "},"profilePic":{"S":"undefined"},"youself":{"S":"undefined"},"iscourse":{"S":""},"createdAt":{"N":"1669927097517"},"area_of_interest":{"S":"undefined"},"referalCode":{"S":""},"profileType":{"S":""},"email":{"S":"undefined"},"country":{"S":""},"firstName":{"S":""},"interest_level":{"S":"undefined"},"user_role_id":{"S":"2"},"updatedAt":{"N":"1669927097517"},"id":{"S":"32d67dd2-e54f-44bb-8bb8-9a46dc039a23"},"issecurity":{"S":""}}
{"ispromotion":{"S":""},"isShowProfile":{"BOOL":false},"ismentor":{"S":""},"archive_lakeside_learn":{"S":"null"},"lastName":{"S":"thawfeek"},"bio":{"S":""},"userName":{"S":"mohamed thawfeek"},"profilePic":{"S":" "},"youself":{"S":"null"},"iscourse":{"S":""},"createdAt":{"N":"1672378533994"},"area_of_interest":{"S":"null"},"referalCode":{"S":""},"profileType":{"S":""},"email":{"S":"ednonfsglglfwh@triots.com"},"country":{"S":""},"firstName":{"S":"mohamed"},"interest_level":{"S":"null"},"user_role_id":{"S":"2"},"updatedAt":{"N":"1672378533994"},"id":{"S":"cd3a37a6-3144-415c-b581-526a69abca35"},"issecurity":{"S":""}}
{"ispromotion":{"S":""},"isShowProfile":{"BOOL":false},"ismentor":{"S":""},"archive_lakeside_learn":{"S":"Learning professional skills"},"lastName":{"S":"thawfeek"},"bio":{"S":""},"userName":{"S":"mohamed"},"profilePic":{"S":" "},"youself":{"S":"Student"},"iscourse":{"S":""},"createdAt":{"N":"1676523717139"},"area_of_interest":{"S":"AWS Certification"},"referalCode":{"S":""},"profileType":{"S":""},"email":{"S":"thawfeek96@gmail.com"},"country":{"S":""},"firstName":{"S":"mohamed"},"interest_level":{"S":"I'm a beginner"},"user_role_id":{"S":"2"},"updatedAt":{"N":"1676523717139"},"id":{"S":"09d9c741-1f22-480f-aee4-f70341fa2840"},"phone":{"S":"8248383211"},"issecurity":{"S":""}}
{"ispromotion":{"S":""},"isShowProfile":{"BOOL":false},"ismentor":{"S":""},"archive_lakeside_learn":{"S":"null"},"lastName":{"S":"test"},"bio":{"S":""},"userName":{"S":"test test"},"profilePic":{"S":" "},"youself":{"S":"null"},"iscourse":{"S":""},"createdAt":{"N":"1669897765350"},"area_of_interest":{"S":"null"},"referalCode":{"S":""},"profileType":{"S":""},"email":{"S":"qpadrejcv@karenkey.com"},"country":{"S":""},"firstName":{"S":"test"},"interest_level":{"S":"null"},"user_role_id":{"S":"2"},"updatedAt":{"N":"1669897765350"},"id":{"S":"6d35c904-d1c9-499b-a773-5809afdad593"},"issecurity":{"S":""}}
{"ispromotion":{"S":""},"isShowProfile":{"BOOL":false},"ismentor":{"S":""},"archive_lakeside_learn":{"S":"null"},"lastName":{"S":"kasi"},"bio":{"S":""},"userName":{"S":"jackson kasi"},"profilePic":{"S":" "},"youself":{"S":"null"},"iscourse":{"S":""},"createdAt":{"N":"1672719600429"},"area_of_interest":{"S":"null"},"referalCode":{"S":""},"profileType":{"S":""},"email":{"S":"fxsnbmyv@triots.com"},"country":{"S":""},"firstName":{"S":"jackson"},"interest_level":{"S":"null"},"user_role_id":{"S":"2"},"updatedAt":{"N":"1672719600429"},"id":{"S":"6081cef7-448f-461c-82c5-2ec8e342a585"},"issecurity":{"S":""}}
{"ispromotion":{"S":""},"ismentor":{"S":""},"archive_lakeside_learn":{"S":"undefined"},"bio":{"S":""},"lastName":{"S":""},"userName":{"S":"Nammalvar Nammalvar "},"area_of_interest":{"S":"undefined"},"createdAt":{"N":"1669921064718"},"iscourse":{"S":""},"profilePic":{"S":"https://peacockimage.s3.ap-south-1.amazonaws.com/lakeside/profilePic/80013619800"},"youself":{"S":"undefined"},"profileType":{"S":""},"referalCode":{"S":""},"email":{"S":"undefined"},"country":{"S":""},"firstName":{"S":""},"interest_level":{"S":"undefined"},"user_role_id":{"S":"2"},"updatedAt":{"N":"1669925180139"},"id":{"S":"ee7cb71a-0967-44b4-b5c2-b199cfecc693"},"issecurity":{"S":""}}
{"ispromotion":{"S":""},"ismentor":{"S":""},"archive_lakeside_learn":{"S":"Exercising my brain to stay sharp"},"bio":{"S":""},"lastName":{"S":"karthi"},"userName":{"S":"adhi karthi"},"area_of_interest":{"S":"Cloud Computing"},"createdAt":{"N":"1670599585996"},"iscourse":{"S":""},"profilePic":{"S":" "},"youself":{"S":"Professional"},"profileType":{"S":""},"referalCode":{"S":"https://lakesidelearn.com?name=adhi karthi"},"email":{"S":"adhithyanpeacock@mailinator.com"},"country":{"S":""},"firstName":{"S":"adhi"},"interest_level":{"S":"I'm a beginner"},"user_role_id":{"S":"2"},"updatedAt":{"N":"1670600288984"},"id":{"S":"1e61e5fc-c08c-4926-8758-9666d2f7f083"},"issecurity":{"S":""}}
{"ispromotion":{"S":""},"isShowProfile":{"BOOL":true},"ismentor":{"S":""},"archive_lakeside_learn":{"S":"Exploring new topics I'm interested in"},"bio":{"S":"hello1"},"lastName":{"S":"y"},"userName":{"S":"jack y"},"area_of_interest":{"S":"AWS Certification"},"createdAt":{"N":"1669812007441"},"iscourse":{"S":""},"profilePic":{"S":" "},"youself":{"S":"Teacher"},"profileType":{"S":"Expert"},"referalCode":{"S":"https://lakesidelearn.com?name=jack y"},"email":{"S":"qwkounyl@karenkey.com"},"country":{"S":"India"},"firstName":{"S":"jack"},"interest_level":{"S":"I'm an intermediate"},"user_role_id":{"S":"2"},"updatedAt":{"N":"1669816269203"},"id":{"S":"68af1d67-c1c6-42d8-a238-3fc4097ca246"},"issecurity":{"S":""}}
{"ispromotion":{"S":""},"isShowProfile":{"BOOL":false},"ismentor":{"S":""},"archive_lakeside_learn":{"S":"undefined"},"lastName":{"S":"test1"},"bio":{"S":""},"userName":{"S":"jackson test1"},"profilePic":{"S":" "},"youself":{"S":"undefined"},"iscourse":{"S":""},"createdAt":{"N":"1671881603139"},"area_of_interest":{"S":"undefined"},"referalCode":{"S":""},"profileType":{"S":""},"email":{"S":"drgwbodd@triots.com"},"country":{"S":""},"firstName":{"S":"jackson"},"interest_level":{"S":"undefined"},"user_role_id":{"S":"2"},"updatedAt":{"N":"1671881603139"},"id":{"S":"2fa920f4-27e2-42b0-9cd3-23717f028f11"},"issecurity":{"S":""}}
{"ispromotion":{"S":""},"ismentor":{"S":""},"archive_lakeside_learn":{"S":"I want to provide the best learning tool to my child"},"bio":{"S":""},"lastName":{"S":"karthi"},"userName":{"S":"adhi karthi"},"area_of_interest":{"S":"AWS Certification"},"createdAt":{"N":"1669300369790"},"iscourse":{"S":""},"profilePic":{"S":" "},"youself":{"S":"Student"},"profileType":{"S":""},"referalCode":{"S":""},"email":{"S":"adhi@mailinator.com"},"country":{"S":""},"firstName":{"S":"adhi"},"paymentPlan":{"S":"oneTime"},"interest_level":{"S":"I'm an intermediate"},"user_role_id":{"S":"2"},"updatedAt":{"N":"1669443862073"},"id":{"S":"71c6888b-60ec-4ff6-8524-27a7349afd16"},"issecurity":{"S":""}}
{"ispromotion":{"S":""},"ismentor":{"S":""},"archive_lakeside_learn":{"S":"undefined"},"bio":{"S":""},"lastName":{"S":"karthi"},"userName":{"S":"adhithya karthi"},"area_of_interest":{"S":"undefined"},"createdAt":{"N":"1669732590883"},"iscourse":{"S":""},"profilePic":{"S":"https://peacockimage.s3.amazonaws.com/lakeside/profilePic/234152034234"},"youself":{"S":"undefined"},"profileType":{"S":"professional "},"referalCode":{"S":"https://lakesidelearn.com?name=adhithya karthi"},"email":{"S":"adhithyanpeacock@gmail.com"},"country":{"S":"India"},"firstName":{"S":"adhithya"},"interest_level":{"S":"undefined"},"user_role_id":{"S":"2"},"updatedAt":{"N":"1669735439028"},"id":{"S":"5f04d93f-50b1-424e-8afa-cf8698f286b4"},"issecurity":{"S":""}}
{"ispromotion":{"S":""},"isShowProfile":{"BOOL":false},"ismentor":{"S":""},"archive_lakeside_learn":{"S":"undefined"},"lastName":{"S":"thawfeek"},"bio":{"S":""},"userName":{"S":"mohamed"},"profilePic":{"S":" "},"youself":{"S":"Student"},"iscourse":{"S":""},"createdAt":{"N":"1677252258431"},"area_of_interest":{"S":"AWS Certification"},"referalCode":{"S":""},"profileType":{"S":""},"email":{"S":"thawfeek1@mailinator.com"},"country":{"S":""},"firstName":{"S":"mohamed"},"interest_level":{"S":"undefined"},"user_role_id":{"S":"2"},"updatedAt":{"N":"1677252258431"},"id":{"S":"e68b6009-f2f1-44fb-aae1-d288617adb91"},"phone":{"S":"8248383211"},"issecurity":{"S":""}}
{"ispromotion":{"S":""},"isShowProfile":{"BOOL":false},"ismentor":{"S":""},"archive_lakeside_learn":{"S":"undefined"},"lastName":{"S":"tes"},"bio":{"S":""},"userName":{"S":"jackosn tes"},"profilePic":{"S":" "},"youself":{"S":"undefined"},"iscourse":{"S":""},"createdAt":{"N":"1671882343945"},"area_of_interest":{"S":"undefined"},"referalCode":{"S":""},"profileType":{"S":""},"email":{"S":"icgupin@triots.com"},"country":{"S":""},"firstName":{"S":"jackosn"},"interest_level":{"S":"undefined"},"user_role_id":{"S":"2"},"updatedAt":{"N":"1671882343945"},"id":{"S":"694cc22b-be3f-4c90-8c34-7a8ef50b1bd4"},"issecurity":{"S":""}}
{"ispromotion":{"S":""},"isShowProfile":{"BOOL":false},"ismentor":{"S":""},"archive_lakeside_learn":{"S":"Learning professional skills"},"lastName":{"S":""},"bio":{"S":""},"userName":{"S":"mohamed"},"profilePic":{"S":" "},"youself":{"S":"Professional"},"iscourse":{"S":""},"createdAt":{"N":"1675952568199"},"area_of_interest":{"S":"Project Management"},"referalCode":{"S":""},"profileType":{"S":""},"email":{"S":"vvmowgaxdwwjm@triots.com"},"country":{"S":""},"firstName":{"S":"mohamed"},"interest_level":{"S":"I'm a beginner"},"user_role_id":{"S":"2"},"updatedAt":{"N":"1675952568199"},"id":{"S":"ba6cd258-6746-4935-bca6-d183b7ce8c28"},"issecurity":{"S":""}}
{"ispromotion":{"S":""},"ismentor":{"S":""},"archive_lakeside_learn":{"S":"null"},"bio":{"S":""},"lastName":{"S":"Lakeside"},"userName":{"S":"Lakeside Lakeside"},"area_of_interest":{"S":"null"},"createdAt":{"N":"1670591116724"},"iscourse":{"S":""},"profilePic":{"S":" "},"youself":{"S":"null"},"profileType":{"S":""},"referalCode":{"S":"https://lakesidelearn.com?name=Lakeside Lakeside"},"email":{"S":"pitajo8090@ceoshub.com"},"country":{"S":""},"firstName":{"S":"Lakeside"},"interest_level":{"S":"null"},"user_role_id":{"S":"2"},"updatedAt":{"N":"1671547766661"},"id":{"S":"21f4d066-8ac3-4f6b-94ec-39253a5a3572"},"issecurity":{"S":""}}
{"ispromotion":{"S":""},"isShowProfile":{"BOOL":false},"ismentor":{"S":""},"archive_lakeside_learn":{"S":"undefined"},"lastName":{"S":"Adepoju"},"bio":{"S":""},"userName":{"S":"Babajide Adepoju"},"profilePic":{"S":" "},"youself":{"S":"undefined"},"iscourse":{"S":""},"createdAt":{"N":"1671588698597"},"area_of_interest":{"S":"undefined"},"referalCode":{"S":""},"profileType":{"S":""},"email":{"S":"bajideace@gmail.com"},"country":{"S":""},"firstName":{"S":"Babajide"},"interest_level":{"S":"undefined"},"user_role_id":{"S":"2"},"updatedAt":{"N":"1671588698597"},"id":{"S":"2ba8ebbc-e4ca-42c1-b1d3-70c4e1edf882"},"issecurity":{"S":""}}
{"ispromotion":{"S":""},"ismentor":{"S":""},"archive_lakeside_learn":{"S":"null"},"bio":{"S":""},"lastName":{"S":"testing"},"userName":{"S":"kasi  testing"},"area_of_interest":{"S":"AWS Certification"},"createdAt":{"N":"1669210988306"},"iscourse":{"S":""},"profilePic":{"S":" "},"youself":{"S":"Professional"},"profileType":{"S":""},"referalCode":{"S":""},"email":{"S":"fbxgloxzerwz@karenkey.com"},"country":{"S":""},"firstName":{"S":"kasi "},"paymentPlan":{"S":"monthly_payment"},"interest_level":{"S":"I'm a beginner"},"user_role_id":{"S":"2"},"updatedAt":{"N":"1669211022906"},"id":{"S":"bf682c44-89f2-4748-8e75-c88e5af39b3b"},"issecurity":{"S":""}}
{"ispromotion":{"S":""},"ismentor":{"S":""},"archive_lakeside_learn":{"S":"Exercising my brain to stay sharp"},"bio":{"S":""},"lastName":{"S":"Jaky"},"userName":{"S":"mjacky"},"area_of_interest":{"S":"Cloud Computing"},"createdAt":{"N":"1669895341560"},"iscourse":{"S":""},"profilePic":{"S":"https://peacockimage.s3.ap-south-1.amazonaws.com/lakeside/profilePic/245172627245"},"youself":{"S":"Parent of a student"},"profileType":{"S":"Beginner"},"referalCode":{"S":"https://lakesidelearn.com?name=mjacky"},"email":{"S":"fqgvvhzoohfwiin@karenkey.com"},"country":{"S":"Finland"},"firstName":{"S":"MJ"},"interest_level":{"S":"I'm an expert"},"user_role_id":{"S":"2"},"updatedAt":{"N":"1669895943800"},"id":{"S":"ae1db452-e58f-4fd2-827b-11847d01f52d"},"issecurity":{"S":""}}
{"ispromotion":{"S":""},"isShowProfile":{"BOOL":false},"ismentor":{"S":""},"archive_lakeside_learn":{"S":"undefined"},"lastName":{"S":""},"bio":{"S":""},"userName":{"S":"fun baby "},"profilePic":{"S":"https://lh3.googleusercontent.com/a/ALm5wu03nZNy5b3NfMR_UudsvltxZXTpxf2wp3kfcgcN=s96-c"},"youself":{"S":"undefined"},"iscourse":{"S":""},"createdAt":{"N":"1670126884464"},"area_of_interest":{"S":"undefined"},"referalCode":{"S":""},"profileType":{"S":""},"email":{"S":"palanisamytamil9442@gmail.com"},"country":{"S":""},"firstName":{"S":""},"interest_level":{"S":"undefined"},"user_role_id":{"S":"2"},"updatedAt":{"N":"1670126884464"},"id":{"S":"1f10dd57-e78c-4ca7-bc20-f9f5ff4cdf1f"},"issecurity":{"S":""}}
{"ispromotion":{"S":""},"isShowProfile":{"BOOL":false},"ismentor":{"S":""},"archive_lakeside_learn":{"S":"undefined"},"lastName":{"S":"Visvanathan"},"bio":{"S":""},"userName":{"S":"Kasi Visvanathan"},"profilePic":{"S":" "},"youself":{"S":"undefined"},"iscourse":{"S":""},"createdAt":{"N":"1671872182380"},"area_of_interest":{"S":"undefined"},"referalCode":{"S":""},"profileType":{"S":""},"email":{"S":"nvdscaaeqhouqmn@nightorb.com"},"country":{"S":""},"firstName":{"S":"Kasi"},"interest_level":{"S":"undefined"},"user_role_id":{"S":"2"},"updatedAt":{"N":"1671872182380"},"id":{"S":"38405868-d858-428f-bec7-fe2379c9e1c4"},"issecurity":{"S":""}}
{"ispromotion":{"S":""},"isShowProfile":{"BOOL":false},"ismentor":{"S":""},"archive_lakeside_learn":{"S":"Learning professional skills"},"lastName":{"S":""},"bio":{"S":""},"userName":{"S":"mohamed Thawfeek"},"profilePic":{"S":" "},"youself":{"S":"Professional"},"iscourse":{"S":""},"createdAt":{"N":"1675662294403"},"area_of_interest":{"S":"AWS Certification"},"referalCode":{"S":""},"profileType":{"S":""},"email":{"S":"admin@torg.com"},"country":{"S":""},"firstName":{"S":"mohamed Thawfeek"},"interest_level":{"S":"I'm a beginner"},"user_role_id":{"S":"2"},"updatedAt":{"N":"1675662294403"},"id":{"S":"b7d548ec-0964-4a55-a148-d31f6476d363"},"issecurity":{"S":""}}
{"ispromotion":{"S":""},"isShowProfile":{"BOOL":false},"ismentor":{"S":""},"archive_lakeside_learn":{"S":"undefined"},"lastName":{"S":"Karthi"},"bio":{"S":""},"userName":{"S":"Adhi Karthi"},"profilePic":{"S":" "},"youself":{"S":"undefined"},"iscourse":{"S":""},"createdAt":{"N":"1671636952521"},"area_of_interest":{"S":"undefined"},"referalCode":{"S":""},"profileType":{"S":""},"email":{"S":"adhithya5@mailinator.com"},"country":{"S":""},"firstName":{"S":"Adhi"},"interest_level":{"S":"undefined"},"user_role_id":{"S":"2"},"updatedAt":{"N":"1671636952521"},"id":{"S":"24837657-edee-4c59-99ad-496e6a088123"},"issecurity":{"S":""}}
{"ispromotion":{"S":""},"ismentor":{"S":""},"archive_lakeside_learn":{"S":"Learning professional skills"},"lastName":{"S":"karthi"},"bio":{"S":""},"userName":{"S":"adhithya karthi"},"profilePic":{"S":" "},"youself":{"S":"Professional"},"iscourse":{"S":""},"createdAt":{"N":"1669735610327"},"area_of_interest":{"S":"AWS Certification"},"referalCode":{"S":""},"profileType":{"S":""},"email":{"S":"admin3@mailinator.com"},"country":{"S":""},"firstName":{"S":"adhithya"},"interest_level":{"S":"I'm an intermediate"},"user_role_id":{"S":"2"},"updatedAt":{"N":"1669735610327"},"id":{"S":"d880e14b-0b44-41e9-971d-4cfc445898a1"},"issecurity":{"S":""}}
{"ispromotion":{"S":""},"isShowProfile":{"BOOL":false},"ismentor":{"S":""},"archive_lakeside_learn":{"S":"Exercising my brain to stay sharp"},"lastName":{"S":"karthi"},"bio":{"S":""},"userName":{"S":"adhithya karthi"},"profilePic":{"S":" "},"youself":{"S":"Professional"},"iscourse":{"S":""},"createdAt":{"N":"1671636859000"},"area_of_interest":{"S":"Cloud Computing"},"referalCode":{"S":""},"profileType":{"S":""},"email":{"S":"adhi5@mailinator.com"},"country":{"S":""},"firstName":{"S":"adhithya"},"interest_level":{"S":"I'm a beginner"},"user_role_id":{"S":"2"},"updatedAt":{"N":"1671636859000"},"id":{"S":"ee51e656-ca7d-433d-944c-4a7fe86fa3a7"},"issecurity":{"S":""}}
{"ispromotion":{"S":""},"ismentor":{"S":""},"archive_lakeside_learn":{"S":"Learning professional skills"},"bio":{"S":"hello5hrytjhuryt"},"lastName":{"S":"kasi peacock"},"userName":{"S":"jackson kasi"},"area_of_interest":{"S":"Cloud Computing"},"createdAt":{"N":"1669269791014"},"iscourse":{"S":""},"profilePic":{"S":"https://peacockimage.s3.ap-south-1.amazonaws.com/lakeside/profilePic/473143156473"},"youself":{"S":"Parent of a student"},"profileType":{"S":"Intermediate"},"referalCode":{"S":"https://lakesidelearn.com?name=jackson kasi"},"email":{"S":"jacksonkasipeacock@gmail.com"},"country":{"S":"India"},"firstName":{"S":"jackson"},"paymentPlan":{"S":"Time Complexity & design system"},"interest_level":{"S":"I'm an intermediate"},"user_role_id":{"S":"2"},"updatedAt":{"N":"1679149787168"},"id":{"S":"5b82f05e-4372-40b8-82e9-19f43e125cee"},"issecurity":{"S":""}}
{"ispromotion":{"S":""},"isShowProfile":{"BOOL":false},"ismentor":{"S":""},"archive_lakeside_learn":{"S":"undefined"},"lastName":{"S":""},"bio":{"S":""},"userName":{"S":"Nammalvar Nammalvar "},"profilePic":{"S":"undefined"},"youself":{"S":"undefined"},"iscourse":{"S":""},"createdAt":{"N":"1669921064733"},"area_of_interest":{"S":"undefined"},"referalCode":{"S":""},"profileType":{"S":""},"email":{"S":"undefined"},"country":{"S":""},"firstName":{"S":""},"interest_level":{"S":"undefined"},"user_role_id":{"S":"2"},"updatedAt":{"N":"1669921064733"},"id":{"S":"174e7011-4533-42be-ae6c-ac7f970f3e86"},"issecurity":{"S":""}}
{"ispromotion":{"S":""},"isShowProfile":{"BOOL":false},"ismentor":{"S":""},"archive_lakeside_learn":{"S":"undefined"},"lastName":{"S":""},"bio":{"S":""},"userName":{"S":"Nammalvar Nammalvar "},"profilePic":{"S":"undefined"},"youself":{"S":"undefined"},"iscourse":{"S":""},"createdAt":{"N":"1669909248472"},"area_of_interest":{"S":"undefined"},"referalCode":{"S":""},"profileType":{"S":""},"email":{"S":"undefined"},"country":{"S":""},"firstName":{"S":""},"interest_level":{"S":"undefined"},"user_role_id":{"S":"2"},"updatedAt":{"N":"1669909248472"},"id":{"S":"5afd8b83-44a4-4649-9144-cc1fac6fe532"},"issecurity":{"S":""}}
{"ispromotion":{"S":""},"isShowProfile":{"BOOL":false},"ismentor":{"S":""},"archive_lakeside_learn":{"S":"undefined"},"lastName":{"S":"jacky"},"bio":{"S":""},"userName":{"S":"jacky"},"profilePic":{"S":" "},"youself":{"S":"undefined"},"iscourse":{"S":""},"createdAt":{"N":"1679151779357"},"area_of_interest":{"S":"Information Technology"},"referalCode":{"S":""},"profileType":{"S":""},"email":{"S":"xqmlyqtvxjkguj@eurokool.com"},"country":{"S":""},"firstName":{"S":"jacky"},"interest_level":{"S":"undefined"},"user_role_id":{"S":"2"},"updatedAt":{"N":"1679151779357"},"id":{"S":"e7f04ea2-3d12-4563-b48d-27b8690b5b33"},"phone":{"S":"0944289182222222222222222222222222222222222222222"},"issecurity":{"S":""}}
{"ispromotion":{"S":""},"isShowProfile":{"BOOL":false},"ismentor":{"S":""},"archive_lakeside_learn":{"S":"null"},"lastName":{"S":"me"},"bio":{"S":""},"userName":{"S":"jack me"},"profilePic":{"S":" "},"youself":{"S":"null"},"iscourse":{"S":""},"createdAt":{"N":"1671894423852"},"area_of_interest":{"S":"null"},"referalCode":{"S":""},"profileType":{"S":""},"email":{"S":"buxnybzypvsny@triots.com"},"country":{"S":""},"firstName":{"S":"jack"},"interest_level":{"S":"null"},"user_role_id":{"S":"2"},"updatedAt":{"N":"1671894423852"},"id":{"S":"2716a447-7af9-4fa5-b62f-15bd9222c3e4"},"issecurity":{"S":""}}
{"ispromotion":{"S":""},"isShowProfile":{"BOOL":false},"ismentor":{"S":""},"archive_lakeside_learn":{"S":"null"},"bio":{"S":""},"lastName":{"S":"Das"},"userName":{"S":"Emon Das"},"area_of_interest":{"S":"null"},"createdAt":{"N":"1673290765795"},"iscourse":{"S":""},"profilePic":{"S":" "},"youself":{"S":"null"},"profileType":{"S":""},"referalCode":{"S":""},"email":{"S":"emondaspeacock@gmail.com"},"country":{"S":""},"firstName":{"S":"Emon"},"paymentPlan":{"S":"MongoDB Full Course"},"interest_level":{"S":"null"},"user_role_id":{"S":"2"},"updatedAt":{"N":"1673341107135"},"id":{"S":"84828864-7750-42ce-8a16-486b0b34c9f3"},"issecurity":{"S":""}}
{"ispromotion":{"S":""},"isShowProfile":{"BOOL":false},"ismentor":{"S":""},"archive_lakeside_learn":{"S":"undefined"},"lastName":{"S":"test"},"bio":{"S":""},"userName":{"S":"Jackson test"},"profilePic":{"S":" "},"youself":{"S":"undefined"},"iscourse":{"S":""},"createdAt":{"N":"1671881562039"},"area_of_interest":{"S":"undefined"},"referalCode":{"S":""},"profileType":{"S":""},"email":{"S":"ieggagmqtebxpw@triots.com"},"country":{"S":""},"firstName":{"S":"Jackson"},"interest_level":{"S":"undefined"},"user_role_id":{"S":"2"},"updatedAt":{"N":"1671881562039"},"id":{"S":"6ee9dd3b-b239-4a58-9f9e-3c40b9d80f65"},"issecurity":{"S":""}}
{"ispromotion":{"S":""},"isShowProfile":{"BOOL":false},"ismentor":{"S":""},"archive_lakeside_learn":{"S":"undefined"},"lastName":{"S":"test"},"bio":{"S":""},"userName":{"S":"jackson test"},"profilePic":{"S":" "},"youself":{"S":"undefined"},"iscourse":{"S":""},"createdAt":{"N":"1671882989370"},"area_of_interest":{"S":"undefined"},"referalCode":{"S":""},"profileType":{"S":""},"email":{"S":"omrsaijzzeard@triots.com"},"country":{"S":""},"firstName":{"S":"jackson"},"interest_level":{"S":"undefined"},"user_role_id":{"S":"2"},"updatedAt":{"N":"1671882989370"},"id":{"S":"ad65db9e-2001-4b68-8d1b-1a525a7ac9a0"},"issecurity":{"S":""}}
{"ispromotion":{"S":""},"ismentor":{"S":""},"archive_lakeside_learn":{"S":"Learning professional skills"},"bio":{"S":""},"lastName":{"S":"tes"},"userName":{"S":"testing tes"},"area_of_interest":{"S":"AWS Certification"},"createdAt":{"N":"1669206254122"},"iscourse":{"S":""},"profilePic":{"S":" "},"youself":{"S":"Professional"},"profileType":{"S":""},"referalCode":{"S":""},"email":{"S":"gcrhyhoumirikk@karenkey.com"},"country":{"S":"India"},"firstName":{"S":"testing"},"paymentPlan":{"S":"oneTime"},"interest_level":{"S":"I'm a beginner"},"user_role_id":{"S":"2"},"updatedAt":{"N":"1669209050075"},"id":{"S":"3135a945-cad8-43ad-8250-cdd9c6667e46"},"issecurity":{"S":""}}
{"ispromotion":{"S":""},"isShowProfile":{"BOOL":false},"ismentor":{"S":""},"archive_lakeside_learn":{"S":"Exercising my brain to stay sharp"},"bio":{"S":""},"lastName":{"S":"thawfeek"},"userName":{"S":"mohamed"},"area_of_interest":{"S":"AWS Certification"},"createdAt":{"N":"1676653638709"},"iscourse":{"S":""},"profilePic":{"S":" "},"youself":{"S":"Student"},"profileType":{"S":"Intermediate"},"referalCode":{"S":""},"email":{"S":"mohamedthawfeek96@gmail.com"},"country":{"S":"India"},"firstName":{"S":"mohamed"},"interest_level":{"S":"I'm a beginner"},"user_role_id":{"S":"2"},"updatedAt":{"N":"1677766923783"},"id":{"S":"abf1f7e2-fbdf-40a1-91be-642d01da9484"},"phone":{"S":"8248383211"},"issecurity":{"S":""}}
{"ispromotion":{"S":""},"isShowProfile":{"BOOL":false},"ismentor":{"S":""},"archive_lakeside_learn":{"S":"null"},"lastName":{"S":"Kasi"},"bio":{"S":""},"userName":{"S":"Jackson Kasi"},"profilePic":{"S":" "},"youself":{"S":"null"},"iscourse":{"S":""},"createdAt":{"N":"1671880917723"},"area_of_interest":{"S":"null"},"referalCode":{"S":""},"profileType":{"S":""},"email":{"S":"elqwxbl@triots.com"},"country":{"S":""},"firstName":{"S":"Jackson"},"interest_level":{"S":"null"},"user_role_id":{"S":"2"},"updatedAt":{"N":"1671880917723"},"id":{"S":"f9e6302f-f86f-443e-8159-9137e7e3f159"},"issecurity":{"S":""}}
{"ispromotion":{"S":""},"isShowProfile":{"BOOL":false},"ismentor":{"S":""},"archive_lakeside_learn":{"S":"undefined"},"lastName":{"S":""},"bio":{"S":""},"userName":{"S":"nothing is impossible "},"profilePic":{"S":"https://lh3.googleusercontent.com/a/AEdFTp7FC8e7fMwYs88n5R1O7SxrrplpeYe2kwAWKLhk=s96-c"},"youself":{"S":"undefined"},"iscourse":{"S":""},"createdAt":{"N":"1671943676491"},"area_of_interest":{"S":"undefined"},"referalCode":{"S":""},"profileType":{"S":""},"email":{"S":"nandhahacker1@gmail.com"},"country":{"S":""},"firstName":{"S":""},"interest_level":{"S":"undefined"},"user_role_id":{"S":"2"},"updatedAt":{"N":"1671943676491"},"id":{"S":"1d6b6e60-68c9-4c13-9c44-e0f298bcd229"},"issecurity":{"S":""}}
{"ispromotion":{"S":""},"ismentor":{"S":""},"archive_lakeside_learn":{"S":"undefined"},"bio":{"S":""},"lastName":{"S":"kasi"},"userName":{"S":"Kasi Visvanathan"},"area_of_interest":{"S":"undefined"},"createdAt":{"N":"1671899982692"},"iscourse":{"S":""},"profilePic":{"S":" "},"youself":{"S":"undefined"},"profileType":{"S":""},"referalCode":{"S":"https://lakesidelearn.com?name=Kasi Visvanathan"},"email":{"S":"dxesmryjeb@triots.com"},"country":{"S":""},"firstName":{"S":"Kasi"},"interest_level":{"S":"undefined"},"user_role_id":{"S":"2"},"updatedAt":{"N":"1671936680177"},"id":{"S":"0ffaa8b5-8150-49e2-808f-3fa11973eedf"},"issecurity":{"S":""}}
{"ispromotion":{"S":""},"ismentor":{"S":""},"archive_lakeside_learn":{"S":"Exercising my brain to stay sharp"},"lastName":{"S":"karthi"},"bio":{"S":""},"userName":{"S":"adhi karthi"},"profilePic":{"S":" "},"youself":{"S":"Professional"},"iscourse":{"S":""},"createdAt":{"N":"1669732188411"},"area_of_interest":{"S":"Cloud Computing"},"referalCode":{"S":""},"profileType":{"S":""},"email":{"S":"adhi3@mailinator.com"},"country":{"S":""},"firstName":{"S":"adhi"},"interest_level":{"S":"I'm an intermediate"},"user_role_id":{"S":"2"},"updatedAt":{"N":"1669732188411"},"id":{"S":"411a02f4-a3dc-463f-b4fb-5f06ebc9c3d3"},"issecurity":{"S":""}}
{"ispromotion":{"S":""},"isShowProfile":{"BOOL":false},"ismentor":{"S":""},"archive_lakeside_learn":{"S":"undefined"},"lastName":{"S":"test"},"bio":{"S":""},"userName":{"S":"test test"},"profilePic":{"S":" "},"youself":{"S":"undefined"},"iscourse":{"S":""},"createdAt":{"N":"1672025898536"},"area_of_interest":{"S":"undefined"},"referalCode":{"S":""},"profileType":{"S":""},"email":{"S":"braprcv@triots.com"},"country":{"S":""},"firstName":{"S":"test"},"interest_level":{"S":"undefined"},"user_role_id":{"S":"2"},"updatedAt":{"N":"1672025898536"},"id":{"S":"bf5d3600-c8eb-463f-807a-69537a9e299d"},"issecurity":{"S":""}}
{"ispromotion":{"S":""},"isShowProfile":{"BOOL":false},"ismentor":{"S":""},"archive_lakeside_learn":{"S":"Exercising my brain to stay sharp"},"lastName":{"S":"thawfeek"},"bio":{"S":""},"userName":{"S":"mohamed"},"profilePic":{"S":" "},"youself":{"S":"Student"},"iscourse":{"S":""},"createdAt":{"N":"1677215485434"},"area_of_interest":{"S":"AWS Certification"},"referalCode":{"S":""},"profileType":{"S":""},"email":{"S":"thwfeek@mailinator.com"},"country":{"S":""},"firstName":{"S":"mohamed"},"interest_level":{"S":"I'm a beginner"},"user_role_id":{"S":"2"},"updatedAt":{"N":"1677215485434"},"id":{"S":"0e0f02a5-5606-400e-9482-01c738d18b64"},"phone":{"S":"8248383211"},"issecurity":{"S":""}}
{"ispromotion":{"S":""},"isShowProfile":{"BOOL":false},"ismentor":{"S":""},"archive_lakeside_learn":{"S":"null"},"lastName":{"S":"test"},"bio":{"S":""},"userName":{"S":"jackson test"},"profilePic":{"S":" "},"youself":{"S":"null"},"iscourse":{"S":""},"createdAt":{"N":"1671888119225"},"area_of_interest":{"S":"null"},"referalCode":{"S":""},"profileType":{"S":""},"email":{"S":"deedbrdoh@triots.com"},"country":{"S":""},"firstName":{"S":"jackson"},"interest_level":{"S":"null"},"user_role_id":{"S":"2"},"updatedAt":{"N":"1671888119225"},"id":{"S":"735122b6-59c7-4305-a253-ba1cd1b1a72e"},"issecurity":{"S":""}}
{"ispromotion":{"S":""},"isShowProfile":{"BOOL":false},"ismentor":{"S":""},"archive_lakeside_learn":{"S":"undefined"},"lastName":{"S":"Kasi"},"bio":{"S":""},"userName":{"S":"asdasd"},"profilePic":{"S":" "},"youself":{"S":"undefined"},"iscourse":{"S":""},"createdAt":{"N":"1680706503396"},"area_of_interest":{"S":"undefined"},"referalCode":{"S":""},"profileType":{"S":""},"email":{"S":"ensqvsqwpzopx@eurokool.com"},"country":{"S":""},"firstName":{"S":"Jackson"},"interest_level":{"S":"undefined"},"user_role_id":{"S":"2"},"updatedAt":{"N":"1680706503396"},"id":{"S":"c35f82e0-e49a-4b91-abb9-24aaab2b745f"},"phone":{"S":"12234234324"},"issecurity":{"S":""}}
{"ispromotion":{"S":""},"isShowProfile":{"BOOL":false},"ismentor":{"S":""},"archive_lakeside_learn":{"S":"null"},"lastName":{"S":"Kasitest"},"bio":{"S":""},"userName":{"S":"Jackson Kasitest"},"profilePic":{"S":" "},"youself":{"S":"null"},"iscourse":{"S":""},"createdAt":{"N":"1671888671607"},"area_of_interest":{"S":"null"},"referalCode":{"S":""},"profileType":{"S":""},"email":{"S":"csneuzecicobfjy@triots.com"},"country":{"S":""},"firstName":{"S":"Jackson"},"interest_level":{"S":"null"},"user_role_id":{"S":"2"},"updatedAt":{"N":"1671888671607"},"id":{"S":"94bb25ca-5844-4253-b98a-091bdf59749c"},"issecurity":{"S":""}}
{"ispromotion":{"S":""},"isShowProfile":{"BOOL":false},"ismentor":{"S":""},"archive_lakeside_learn":{"S":"Learning professional skills"},"lastName":{"S":"sdvfsdfvsdf"},"bio":{"S":""},"userName":{"S":"vignesh"},"profilePic":{"S":" "},"youself":{"S":"Student"},"iscourse":{"S":""},"createdAt":{"N":"1679031876956"},"area_of_interest":{"S":"AWS Certification"},"referalCode":{"S":""},"profileType":{"S":""},"email":{"S":"jeyavignesh28101999@gmail.com"},"country":{"S":""},"firstName":{"S":"sdfdfsdf"},"interest_level":{"S":"I'm a beginner"},"user_role_id":{"S":"2"},"updatedAt":{"N":"1679031876956"},"id":{"S":"2e9c4619-6e55-4619-8a0b-017232167427"},"phone":{"S":"2"},"issecurity":{"S":""}}
