{"user_id":{"S":"3d192a6d-be82-49de-a0cc-e5cc66ad2b3e"},"payment_id":{"S":"pi_3MdnOoIAbvjmWp3N0u9kxK00"},"course_id":{"S":"7f09bdd8-1929-4a1c-a18c-ecde5fdbfe9a"},"updatedAt":{"N":"1676953493086"},"createdAt":{"N":"1676953493086"},"payment_status":{"S":"paid"},"id":{"S":"67ddb2b7-be5a-4b34-aaf2-c6ab06ffb06f"}}
{"payment_id":{"S":"pi_3Mf37WIAbvjmWp3N1YHs2dhw"},"user_id":{"S":"e68b6009-f2f1-44fb-aae1-d288617adb91"},"course_id":{"S":"7009c0bd-1fe4-4621-aded-f62157d48565"},"updatedAt":{"N":"1677253197940"},"createdAt":{"N":"1677252260292"},"payment_status":{"S":"paid"},"id":{"S":"aeba7bab-1dd7-426b-abef-25cc64dec3cc"},"start":{"S":"Continue"}}
{"payment_id":{"S":"pi_3MjcIgIAbvjmWp3N1iu5YAyE"},"user_id":{"S":"5b82f05e-4372-40b8-82e9-19f43e125cee"},"course_id":{"S":"cfb53197-06d0-4ef1-8e24-5af2308ced95"},"updatedAt":{"N":"1679057476966"},"createdAt":{"N":"1678340808398"},"payment_status":{"S":"paid"},"id":{"S":"eb3e70f1-e890-4ae5-9d97-345cf559ba11"},"start":{"S":"Continue"}}
{"user_id":{"S":"0e0f02a5-5606-400e-9482-01c738d18b64"},"payment_id":{"S":"pi_3MetYJIAbvjmWp3N1eQnGkaf"},"course_id":{"S":"1f9167c0-28ff-450f-8b54-949e57c4e264"},"updatedAt":{"N":"1677215488564"},"createdAt":{"N":"1677215488564"},"payment_status":{"S":"paid"},"id":{"S":"fcdadd6c-4bc3-4a75-b368-ca0c86afe6cc"}}
{"user_id":{"S":"2e9c4619-6e55-4619-8a0b-017232167427"},"payment_id":{"S":"pi_3MmW4KIAbvjmWp3N0VWW0R31"},"course_id":{"S":"c70d6f42-f201-46e3-af55-7cd08cc7e70e"},"updatedAt":{"N":"1679031882669"},"createdAt":{"N":"1679031882669"},"payment_status":{"S":"paid"},"id":{"S":"625548fb-8704-4bef-9519-52f59a9a25b0"},"start":{"S":"Start"}}
{"user_id":{"S":"5b82f05e-4372-40b8-82e9-19f43e125cee"},"payment_id":{"S":"pi_3MeX1XIAbvjmWp3N05eIhhRW"},"course_id":{"S":"e9f6d19b-a455-467c-abb8-25726e1f8769"},"updatedAt":{"N":"1677128895210"},"createdAt":{"N":"1677128895210"},"payment_status":{"S":"paid"},"id":{"S":"3f8c3ab5-375a-4228-9dea-ceecfde77e58"}}
{"payment_id":{"S":"pi_3MezGYIAbvjmWp3N0PUuPGCZ"},"user_id":{"S":"abf1f7e2-fbdf-40a1-91be-642d01da9484"},"course_id":{"S":"7009c0bd-1fe4-4621-aded-f62157d48565"},"updatedAt":{"N":"1677247983763"},"createdAt":{"N":"1677237427234"},"payment_status":{"S":"paid"},"id":{"S":"26b876a8-2979-4868-a663-851dc269c195"},"start":{"S":"Continue"}}
{"user_id":{"S":"9a571c2b-5866-472c-8ba1-01870996a53b"},"payment_id":{"S":"pi_3Mc1xaIAbvjmWp3N1I58d8G7"},"course_id":{"S":"493e3d87-9ce5-46bb-9949-3400e5d6e3c2"},"updatedAt":{"N":"1676532798260"},"createdAt":{"N":"1676532798260"},"payment_status":{"S":"paid"},"id":{"S":"fb37b1d0-8bcc-4287-8f04-f0722fb95a72"}}
{"user_id":{"S":"9a571c2b-5866-472c-8ba1-01870996a53b"},"payment_id":{"S":"pi_3Mc1xaIAbvjmWp3N1I58d8G7"},"course_id":{"S":"2e1c5b60-2510-456c-9403-57a4d228af5c"},"updatedAt":{"N":"1676532797425"},"createdAt":{"N":"1676532797425"},"payment_status":{"S":"paid"},"id":{"S":"7109b8b5-babd-4edd-b411-60af0b8a5907"}}
{"user_id":{"S":"abf1f7e2-fbdf-40a1-91be-642d01da9484"},"payment_id":{"S":"pi_3MmgQMIAbvjmWp3N1nRtNqfU"},"course_id":{"S":"bac5fc0e-3232-40d9-aa93-10beb726cd72"},"updatedAt":{"N":"1679071620233"},"createdAt":{"N":"1679071620233"},"payment_status":{"S":"paid"},"id":{"S":"e2d866eb-5895-4492-b7dc-83a1a9c39d9a"},"start":{"S":"Start"}}
{"payment_id":{"S":"pi_3MhSt4IAbvjmWp3N1UFkIh7p"},"user_id":{"S":"5b82f05e-4372-40b8-82e9-19f43e125cee"},"course_id":{"S":"6a1f16dd-afea-4653-b7fc-d367648eb3ea"},"updatedAt":{"N":"1677845516848"},"createdAt":{"N":"1677828009119"},"payment_status":{"S":"paid"},"id":{"S":"302a2096-e161-4621-a1b7-a42fa96cbf8e"},"start":{"S":"Continue"}}
{"user_id":{"S":"5b82f05e-4372-40b8-82e9-19f43e125cee"},"payment_id":{"S":"pi_3MjcIgIAbvjmWp3N1iu5YAyE"},"course_id":{"S":"352f1a93-0762-4885-9c4c-37ee335ca602"},"updatedAt":{"N":"1678340807579"},"createdAt":{"N":"1678340807579"},"payment_status":{"S":"paid"},"id":{"S":"6c83e0bf-851e-4f48-b11d-fa14e5df0290"},"start":{"S":"Start"}}
{"user_id":{"S":"3d192a6d-be82-49de-a0cc-e5cc66ad2b3e"},"payment_id":{"S":"pi_3MdnOoIAbvjmWp3N0u9kxK00"},"course_id":{"S":"6f0dd29e-9513-4e38-87cd-19792206f740"},"updatedAt":{"N":"1676953492237"},"createdAt":{"N":"1676953492237"},"payment_status":{"S":"paid"},"id":{"S":"a8d141fe-b1d6-44a6-8fab-85c2c98b1222"}}
{"user_id":{"S":"2e9c4619-6e55-4619-8a0b-017232167427"},"payment_id":{"S":"pi_3MmW4KIAbvjmWp3N0VWW0R31"},"course_id":{"S":"cfb53197-06d0-4ef1-8e24-5af2308ced95"},"updatedAt":{"N":"1679031879937"},"createdAt":{"N":"1679031879937"},"payment_status":{"S":"paid"},"id":{"S":"0e586bf9-15c0-426d-a7df-2a159ff22581"},"start":{"S":"Start"}}
{"user_id":{"S":"3d192a6d-be82-49de-a0cc-e5cc66ad2b3e"},"payment_id":{"S":"pi_3MdnOoIAbvjmWp3N0u9kxK00"},"course_id":{"S":"f7e60f72-c1c1-445c-ae62-dec4df425a90"},"updatedAt":{"N":"1676953490492"},"createdAt":{"N":"1676953490492"},"payment_status":{"S":"paid"},"id":{"S":"08c7eaf3-d0d8-4f80-b3c3-17cdc8212c4d"}}
{"user_id":{"S":"5b82f05e-4372-40b8-82e9-19f43e125cee"},"payment_id":{"S":"pi_3MbNEMIAbvjmWp3N1YXdTWs2"},"course_id":{"S":"5a40708c-c8cd-4591-851a-0b976aba417c"},"updatedAt":{"N":"1676376254055"},"createdAt":{"N":"1676376254055"},"payment_status":{"S":"paid"},"id":{"S":"4f0fa371-5030-4508-a33a-3cf02c5be8de"}}
{"user_id":{"S":"e7f04ea2-3d12-4563-b48d-27b8690b5b33"},"payment_id":{"S":"pi_3Mn1FyIAbvjmWp3N1sLZnWuq"},"course_id":{"S":"5a25b268-07fb-4535-9ece-12170cb4b90b"},"updatedAt":{"N":"1679151780073"},"createdAt":{"N":"1679151780073"},"payment_status":{"S":"paid"},"id":{"S":"44977070-3fbf-497b-8a7b-7c4040b15dad"},"start":{"S":"Start"}}
{"user_id":{"S":"2e9c4619-6e55-4619-8a0b-017232167427"},"payment_id":{"S":"pi_3MmW4KIAbvjmWp3N0VWW0R31"},"course_id":{"S":"c70d6f42-f201-46e3-af55-7cd08cc7e70e"},"updatedAt":{"N":"1679031885308"},"createdAt":{"N":"1679031885308"},"payment_status":{"S":"paid"},"id":{"S":"6844c385-0fc5-4198-b4e3-3d2633e400a8"},"start":{"S":"Start"}}
{"user_id":{"S":"e68b6009-f2f1-44fb-aae1-d288617adb91"},"payment_id":{"S":"pi_3Mf37WIAbvjmWp3N1YHs2dhw"},"course_id":{"S":"f01e4b30-5871-4a18-9718-2f94f81df6d1"},"updatedAt":{"N":"1677252261807"},"createdAt":{"N":"1677252261807"},"payment_status":{"S":"paid"},"id":{"S":"abf16f4e-5806-47cb-ae25-8738a41441a3"},"start":{"S":"Start"}}
{"user_id":{"S":"9a571c2b-5866-472c-8ba1-01870996a53b"},"payment_id":{"S":"pi_3Mc1qqIAbvjmWp3N1NkzHZBY"},"course_id":{"S":"1b089228-e7de-4f95-8c6b-af313fe4f17f"},"updatedAt":{"N":"1676532384275"},"createdAt":{"N":"1676532384275"},"payment_status":{"S":"paid"},"id":{"S":"0160c152-9f9c-424e-9e1a-ca3206067de8"}}
{"user_id":{"S":"abf1f7e2-fbdf-40a1-91be-642d01da9484"},"payment_id":{"S":"pi_3MmgG9IAbvjmWp3N0EERsc7e"},"course_id":{"S":"cfb53197-06d0-4ef1-8e24-5af2308ced95"},"updatedAt":{"N":"1679071173839"},"createdAt":{"N":"1679071173839"},"payment_status":{"S":"paid"},"id":{"S":"95ac59eb-d9d1-4440-aee1-afb27e541cf1"},"start":{"S":"Start"}}
{"user_id":{"S":"5b82f05e-4372-40b8-82e9-19f43e125cee"},"payment_id":{"S":"pi_3MbNBBIAbvjmWp3N0fgcf7ji"},"course_id":{"S":"2e1c5b60-2510-456c-9403-57a4d228af5c"},"updatedAt":{"N":"1676376094316"},"createdAt":{"N":"1676376094316"},"payment_status":{"S":"paid"},"id":{"S":"f6d48d9b-bf75-4e76-b4d1-9f17c1903c21"}}
{"user_id":{"S":"09d9c741-1f22-480f-aee4-f70341fa2840"},"payment_id":{"S":"pi_3MbzbCIAbvjmWp3N1N97jsCH"},"course_id":{"S":"c192d4fb-bc73-435a-8a90-bb38c05903d3"},"updatedAt":{"N":"1676523717219"},"createdAt":{"N":"1676523717219"},"payment_status":{"S":"paid"},"id":{"S":"cc57d909-93a8-4b1e-a85b-6601cd9f578a"}}
{"user_id":{"S":"c35f82e0-e49a-4b91-abb9-24aaab2b745f"},"payment_id":{"S":"pi_3MtXjBIAbvjmWp3N1DetMU6H"},"course_id":{"S":"cfb53197-06d0-4ef1-8e24-5af2308ced95"},"updatedAt":{"N":"1680706505922"},"createdAt":{"N":"1680706505922"},"payment_status":{"S":"paid"},"id":{"S":"e106e3a4-0198-4bd1-a445-a723be580199"},"start":{"S":"Start"}}
{"user_id":{"S":"2e9c4619-6e55-4619-8a0b-017232167427"},"payment_id":{"S":"pi_3MmW4KIAbvjmWp3N0VWW0R31"},"course_id":{"S":"c70d6f42-f201-46e3-af55-7cd08cc7e70e"},"updatedAt":{"N":"1679031880796"},"createdAt":{"N":"1679031880796"},"payment_status":{"S":"paid"},"id":{"S":"efcd1639-bcde-47f9-91ac-e8ca06de3992"},"start":{"S":"Start"}}
{"user_id":{"S":"d5f95805-383e-44a9-990f-bcb9d7d230b4"},"payment_id":{"S":"PAYID-MPW4CRA7NH78675VF2641400"},"course_id":{"S":"1b089228-e7de-4f95-8c6b-af313fe4f17f"},"updatedAt":{"N":"1676525917597"},"createdAt":{"N":"1676525917597"},"payment_status":{"S":"approved"},"id":{"S":"528c72af-133b-4a85-8e96-11bd0df5757c"}}
{"user_id":{"S":"058869aa-1e22-4c78-a3eb-a676da8230dc"},"payment_id":{"S":"PAYID-MPW36QY94D75699PG3654452"},"course_id":{"S":"c192d4fb-bc73-435a-8a90-bb38c05903d3"},"updatedAt":{"N":"1676525397678"},"createdAt":{"N":"1676525397678"},"payment_status":{"S":"approved"},"id":{"S":"65125507-a9eb-4b41-9c8f-068f4c647811"}}
{"user_id":{"S":"9a571c2b-5866-472c-8ba1-01870996a53b"},"payment_id":{"S":"pi_3Mc1qqIAbvjmWp3N1NkzHZBY"},"course_id":{"S":"c192d4fb-bc73-435a-8a90-bb38c05903d3"},"updatedAt":{"N":"1676532382781"},"createdAt":{"N":"1676532382781"},"payment_status":{"S":"paid"},"id":{"S":"69a4f247-9ff8-48c5-830d-b1c568f7abfd"}}
{"payment_id":{"S":"pi_3MhQEnIAbvjmWp3N1CMepNqd"},"user_id":{"S":"abf1f7e2-fbdf-40a1-91be-642d01da9484"},"course_id":{"S":"6a1f16dd-afea-4653-b7fc-d367648eb3ea"},"updatedAt":{"N":"1678886645118"},"createdAt":{"N":"1677817764753"},"payment_status":{"S":"paid"},"id":{"S":"c81f95da-52e0-491a-aa58-136fd0d1d7d5"},"start":{"S":"Continue"}}
{"user_id":{"S":"5b82f05e-4372-40b8-82e9-19f43e125cee"},"payment_id":{"S":"pi_3MjcIgIAbvjmWp3N1iu5YAyE"},"course_id":{"S":"c70d6f42-f201-46e3-af55-7cd08cc7e70e"},"updatedAt":{"N":"1678340809207"},"createdAt":{"N":"1678340809207"},"payment_status":{"S":"paid"},"id":{"S":"304096ea-02b1-4346-bc1a-b8d1e28d41ac"},"start":{"S":"Start"}}
{"payment_id":{"S":"pi_3Mf26kIAbvjmWp3N0VhVWxn2"},"user_id":{"S":"abf1f7e2-fbdf-40a1-91be-642d01da9484"},"course_id":{"S":"f408b113-b2c0-467f-9a47-14aa9953b23d"},"updatedAt":{"N":"1677735176813"},"createdAt":{"N":"1677250334824"},"payment_status":{"S":"paid"},"id":{"S":"6f30dad9-a150-4be4-84b3-4c781aeeca01"},"start":{"S":"Continue"}}
{"user_id":{"S":"e7f04ea2-3d12-4563-b48d-27b8690b5b33"},"payment_id":{"S":"pi_3Mn1FyIAbvjmWp3N1sLZnWuq"},"course_id":{"S":"cfb53197-06d0-4ef1-8e24-5af2308ced95"},"updatedAt":{"N":"1679151783914"},"createdAt":{"N":"1679151783914"},"payment_status":{"S":"paid"},"id":{"S":"98154524-e44b-435e-b39a-9f37db9d188a"},"start":{"S":"Start"}}
{"user_id":{"S":"0e0f02a5-5606-400e-9482-01c738d18b64"},"payment_id":{"S":"pi_3MetYJIAbvjmWp3N1eQnGkaf"},"course_id":{"S":"c949c6ed-626e-49b1-9014-8c3044b59d52"},"updatedAt":{"N":"1677215486166"},"createdAt":{"N":"1677215486166"},"payment_status":{"S":"paid"},"id":{"S":"74bdc866-89c2-4aa1-a214-4d4ad8d47f5e"}}
{"user_id":{"S":"f797bad9-cb05-499b-8724-48b2ab34b611"},"payment_id":{"S":"pi_3Mbz6PIAbvjmWp3N00POV2HD"},"course_id":{"S":"c192d4fb-bc73-435a-8a90-bb38c05903d3"},"updatedAt":{"N":"1676521810563"},"createdAt":{"N":"1676521810563"},"payment_status":{"S":"paid"},"id":{"S":"d29c7b82-83cb-43c0-a39b-6c307c0feddd"}}
{"user_id":{"S":"e68b6009-f2f1-44fb-aae1-d288617adb91"},"payment_id":{"S":"pi_3Mf37WIAbvjmWp3N1YHs2dhw"},"course_id":{"S":"1f9167c0-28ff-450f-8b54-949e57c4e264"},"updatedAt":{"N":"1677252261027"},"createdAt":{"N":"1677252261027"},"payment_status":{"S":"paid"},"id":{"S":"2d9732d9-77b5-4f70-ae91-bfa427bc8f09"},"start":{"S":"Start"}}
{"user_id":{"S":"ba6cd258-6746-4935-bca6-d183b7ce8c28"},"payment_id":{"S":"pi_3MZb0zIAbvjmWp3N1KlLy3Ft"},"course_id":{"S":"ae04eadb-82d8-4fd3-bb7b-4fec97c3c9cf"},"updatedAt":{"N":"1676263946609"},"createdAt":{"N":"1676263946609"},"payment_status":{"S":"paid"},"id":{"S":"437be55a-da91-4200-a298-c3712f169d76"}}
{"user_id":{"S":"0e0f02a5-5606-400e-9482-01c738d18b64"},"payment_id":{"S":"pi_3MetYJIAbvjmWp3N1eQnGkaf"},"course_id":{"S":"f01e4b30-5871-4a18-9718-2f94f81df6d1"},"updatedAt":{"N":"1677215489314"},"createdAt":{"N":"1677215489314"},"payment_status":{"S":"paid"},"id":{"S":"a6c36d0f-b13d-4845-8b4e-c22f0ce00c89"}}
{"user_id":{"S":"2e9c4619-6e55-4619-8a0b-017232167427"},"payment_id":{"S":"pi_3MmW4KIAbvjmWp3N0VWW0R31"},"course_id":{"S":"352f1a93-0762-4885-9c4c-37ee335ca602"},"updatedAt":{"N":"1679031886104"},"createdAt":{"N":"1679031886104"},"payment_status":{"S":"paid"},"id":{"S":"11bd5b88-41f3-4ecd-9993-6063494f51e3"},"start":{"S":"Start"}}
{"user_id":{"S":"5b82f05e-4372-40b8-82e9-19f43e125cee"},"payment_id":{"S":"pi_3MeX3FIAbvjmWp3N1CICZ2Ss"},"course_id":{"S":"1f9167c0-28ff-450f-8b54-949e57c4e264"},"updatedAt":{"N":"1677129020706"},"createdAt":{"N":"1677129020706"},"payment_status":{"S":"paid"},"id":{"S":"82e15ce2-ffed-4e94-be4d-7e6dcf59493d"}}
{"user_id":{"S":"9a571c2b-5866-472c-8ba1-01870996a53b"},"payment_id":{"S":"pi_3Mc1xaIAbvjmWp3N1I58d8G7"},"course_id":{"S":"ae04eadb-82d8-4fd3-bb7b-4fec97c3c9cf"},"updatedAt":{"N":"1676532797336"},"createdAt":{"N":"1676532797336"},"payment_status":{"S":"paid"},"id":{"S":"4ab24ced-2d77-4ce8-b9d7-fbdb02511733"}}
{"user_id":{"S":"5b82f05e-4372-40b8-82e9-19f43e125cee"},"payment_id":{"S":"pi_3MjcIgIAbvjmWp3N1iu5YAyE"},"course_id":{"S":"a38acd46-1d98-4362-bf89-b6449fd47eda"},"updatedAt":{"N":"1678340807350"},"createdAt":{"N":"1678340807350"},"payment_status":{"S":"paid"},"id":{"S":"27294582-caa9-44f6-8432-4ecd57e9f6e0"},"start":{"S":"Start"}}
{"user_id":{"S":"e7f04ea2-3d12-4563-b48d-27b8690b5b33"},"payment_id":{"S":"pi_3Mn1FyIAbvjmWp3N1sLZnWuq"},"course_id":{"S":"26f0e2aa-eb70-4ebb-ae66-9d204c85d607"},"updatedAt":{"N":"1679151782563"},"createdAt":{"N":"1679151782563"},"payment_status":{"S":"paid"},"id":{"S":"6841307c-3797-4f27-a055-8cb9a715bdbf"},"start":{"S":"Start"}}
{"user_id":{"S":"ba6cd258-6746-4935-bca6-d183b7ce8c28"},"payment_id":{"S":"pi_3MZb0zIAbvjmWp3N1KlLy3Ft"},"course_id":{"S":"493e3d87-9ce5-46bb-9949-3400e5d6e3c2"},"updatedAt":{"N":"1676268015264"},"createdAt":{"N":"1676268015264"},"payment_status":{"S":"paid"},"id":{"S":"87ab244f-f32a-41ae-a63f-ff614232dcd5"}}
{"user_id":{"S":"9a571c2b-5866-472c-8ba1-01870996a53b"},"payment_id":{"S":"PAYID-MPW5V4Y6LE651583D787623U"},"course_id":{"S":"2e1c5b60-2510-456c-9403-57a4d228af5c"},"updatedAt":{"N":"1676532494728"},"createdAt":{"N":"1676532494728"},"payment_status":{"S":"approved"},"id":{"S":"eefa1131-74d5-49a2-8020-e89bc99d53b9"}}
{"user_id":{"S":"ba6cd258-6746-4935-bca6-d183b7ce8c28"},"payment_id":{"S":"pi_3MZb0zIAbvjmWp3N1KlLy3Ft"},"course_id":{"S":"ae04eadb-82d8-4fd3-bb7b-4fec97c3c9cf"},"updatedAt":{"N":"1676268015200"},"createdAt":{"N":"1676268015200"},"payment_status":{"S":"paid"},"id":{"S":"9994fc94-6c98-447f-b114-3a9943e7c7d9"}}
{"user_id":{"S":"2e9c4619-6e55-4619-8a0b-017232167427"},"payment_id":{"S":"pi_3MmW4KIAbvjmWp3N0VWW0R31"},"course_id":{"S":"cfb53197-06d0-4ef1-8e24-5af2308ced95"},"updatedAt":{"N":"1679031884508"},"createdAt":{"N":"1679031884508"},"payment_status":{"S":"paid"},"id":{"S":"2f9e3592-eb26-4d34-9579-b164e26f764c"},"start":{"S":"Start"}}
{"user_id":{"S":"2e9c4619-6e55-4619-8a0b-017232167427"},"payment_id":{"S":"pi_3MmW4KIAbvjmWp3N0VWW0R31"},"course_id":{"S":"352f1a93-0762-4885-9c4c-37ee335ca602"},"updatedAt":{"N":"1679031879131"},"createdAt":{"N":"1679031879131"},"payment_status":{"S":"paid"},"id":{"S":"791edc31-89f1-4a34-b407-cdebd70a06be"},"start":{"S":"Start"}}
{"user_id":{"S":"f797bad9-cb05-499b-8724-48b2ab34b611"},"payment_id":{"S":"pi_3Mbz6PIAbvjmWp3N00POV2HD"},"course_id":{"S":"1b089228-e7de-4f95-8c6b-af313fe4f17f"},"updatedAt":{"N":"1676521812355"},"createdAt":{"N":"1676521812355"},"payment_status":{"S":"paid"},"id":{"S":"a63cafd7-1103-4bc0-b9df-3f3918eed384"}}
{"user_id":{"S":"abf1f7e2-fbdf-40a1-91be-642d01da9484"},"payment_id":{"S":"pi_3MmgG9IAbvjmWp3N0EERsc7e"},"course_id":{"S":"5a25b268-07fb-4535-9ece-12170cb4b90b"},"updatedAt":{"N":"1679071173528"},"createdAt":{"N":"1679071173528"},"payment_status":{"S":"paid"},"id":{"S":"9a2cd1ff-4438-4b6e-b915-f1b121510e28"},"start":{"S":"Start"}}
{"payment_id":{"S":"pi_3Mf26kIAbvjmWp3N0VhVWxn2"},"user_id":{"S":"abf1f7e2-fbdf-40a1-91be-642d01da9484"},"course_id":{"S":"1f9167c0-28ff-450f-8b54-949e57c4e264"},"updatedAt":{"N":"1677250518786"},"createdAt":{"N":"1677250334901"},"payment_status":{"S":"paid"},"id":{"S":"8c012b6a-ac0c-4def-b3b2-037fd0f7d86f"},"start":{"S":"Continue"}}
{"user_id":{"S":"e7f04ea2-3d12-4563-b48d-27b8690b5b33"},"payment_id":{"S":"pi_3Mn1FyIAbvjmWp3N1sLZnWuq"},"course_id":{"S":"cfb53197-06d0-4ef1-8e24-5af2308ced95"},"updatedAt":{"N":"1679151781476"},"createdAt":{"N":"1679151781476"},"payment_status":{"S":"paid"},"id":{"S":"07fcfb2e-2d6c-4b47-814f-61e1d3bfbd7a"},"start":{"S":"Start"}}
{"payment_id":{"S":"pi_3MhCHzIAbvjmWp3N1dFWE3Q1"},"user_id":{"S":"abf1f7e2-fbdf-40a1-91be-642d01da9484"},"course_id":{"S":"c70d6f42-f201-46e3-af55-7cd08cc7e70e"},"updatedAt":{"N":"1677818625856"},"createdAt":{"N":"1677764135387"},"payment_status":{"S":"paid"},"id":{"S":"650ec1a5-6f95-48e9-a3fa-e24a88f01b0d"},"start":{"S":"Continue"}}
{"payment_id":{"S":"pi_3Mf37WIAbvjmWp3N1YHs2dhw"},"user_id":{"S":"e68b6009-f2f1-44fb-aae1-d288617adb91"},"course_id":{"S":"c949c6ed-626e-49b1-9014-8c3044b59d52"},"updatedAt":{"N":"1677252472293"},"createdAt":{"N":"1677252258601"},"payment_status":{"S":"paid"},"id":{"S":"3845a2bb-4b4f-42bb-83b5-cb55800d0d17"},"start":{"S":"Continue"}}
{"user_id":{"S":"5b82f05e-4372-40b8-82e9-19f43e125cee"},"payment_id":{"S":"pi_3MazocIAbvjmWp3N1BEmalyE"},"course_id":{"S":"ae04eadb-82d8-4fd3-bb7b-4fec97c3c9cf"},"updatedAt":{"N":"1676286256131"},"createdAt":{"N":"1676286256131"},"payment_status":{"S":"paid"},"id":{"S":"b49dd601-4127-4a51-987b-e9488a341e22"}}
{"user_id":{"S":"0e0f02a5-5606-400e-9482-01c738d18b64"},"payment_id":{"S":"pi_3MetYJIAbvjmWp3N1eQnGkaf"},"course_id":{"S":"7009c0bd-1fe4-4621-aded-f62157d48565"},"updatedAt":{"N":"1677215487814"},"createdAt":{"N":"1677215487814"},"payment_status":{"S":"paid"},"id":{"S":"2a33b5ca-5f34-42a4-8a91-840418e76d9b"}}
{"user_id":{"S":"abf1f7e2-fbdf-40a1-91be-642d01da9484"},"payment_id":{"S":"pi_3MmgQMIAbvjmWp3N1nRtNqfU"},"course_id":{"S":"cfb53197-06d0-4ef1-8e24-5af2308ced95"},"updatedAt":{"N":"1679071620468"},"createdAt":{"N":"1679071620468"},"payment_status":{"S":"paid"},"id":{"S":"de245033-6ccb-4fb8-bc4c-ce5e80fb677f"},"start":{"S":"Start"}}
{"user_id":{"S":"c35f82e0-e49a-4b91-abb9-24aaab2b745f"},"payment_id":{"S":"pi_3MtXjBIAbvjmWp3N1DetMU6H"},"course_id":{"S":"5a25b268-07fb-4535-9ece-12170cb4b90b"},"updatedAt":{"N":"1680706504064"},"createdAt":{"N":"1680706504064"},"payment_status":{"S":"paid"},"id":{"S":"fb345ee0-eb9f-4016-a43f-549f17a2cb0e"},"start":{"S":"Start"}}
{"payment_id":{"S":"pi_3Mf26kIAbvjmWp3N0VhVWxn2"},"user_id":{"S":"abf1f7e2-fbdf-40a1-91be-642d01da9484"},"course_id":{"S":"f408b113-b2c0-467f-9a47-14aa9953b23d"},"updatedAt":{"N":"1677250000064"},"createdAt":{"N":"1677248347072"},"payment_status":{"S":"paid"},"id":{"S":"10135d41-64c9-48d1-8165-908cbb75ca6d"},"start":{"S":"Continue"}}
{"user_id":{"S":"5b82f05e-4372-40b8-82e9-19f43e125cee"},"payment_id":{"S":"pi_3MeX1XIAbvjmWp3N05eIhhRW"},"course_id":{"S":"e9f6d19b-a455-467c-abb8-25726e1f8769"},"updatedAt":{"N":"1677128894155"},"createdAt":{"N":"1677128894155"},"payment_status":{"S":"paid"},"id":{"S":"16de56ec-062c-4aab-9117-dee72c446461"}}
{"payment_id":{"S":"pi_3MeyPaIAbvjmWp3N1xuX4B7w"},"user_id":{"S":"abf1f7e2-fbdf-40a1-91be-642d01da9484"},"course_id":{"S":"f01e4b30-5871-4a18-9718-2f94f81df6d1"},"updatedAt":{"N":"1677247576949"},"createdAt":{"N":"1677234134770"},"payment_status":{"S":"paid"},"id":{"S":"6dd24f0c-5d38-4365-8d9f-4f29cd8b3500"},"start":{"S":"Continue"}}
{"payment_id":{"S":"pi_3Mf26kIAbvjmWp3N0VhVWxn2"},"user_id":{"S":"abf1f7e2-fbdf-40a1-91be-642d01da9484"},"course_id":{"S":"1f9167c0-28ff-450f-8b54-949e57c4e264"},"updatedAt":{"N":"1677249722019"},"createdAt":{"N":"1677248347173"},"payment_status":{"S":"paid"},"id":{"S":"b637b00a-1d4c-4e8a-b6c0-83fe65194d43"},"start":{"S":"Continue"}}
{"user_id":{"S":"5b82f05e-4372-40b8-82e9-19f43e125cee"},"payment_id":{"S":"pi_3MazocIAbvjmWp3N1BEmalyE"},"course_id":{"S":"493e3d87-9ce5-46bb-9949-3400e5d6e3c2"},"updatedAt":{"N":"1676286256227"},"createdAt":{"N":"1676286256227"},"payment_status":{"S":"paid"},"id":{"S":"714d477a-d54b-4ea5-b03f-3a98f8023360"}}
{"user_id":{"S":"ba6cd258-6746-4935-bca6-d183b7ce8c28"},"payment_id":{"S":"pi_3MZb0zIAbvjmWp3N1KlLy3Ft"},"course_id":{"S":"493e3d87-9ce5-46bb-9949-3400e5d6e3c2"},"updatedAt":{"N":"1676263946743"},"createdAt":{"N":"1676263946743"},"payment_status":{"S":"paid"},"id":{"S":"e39732b0-e4c1-439f-a7d3-21c3153de0f0"}}
{"user_id":{"S":"cbddfbe7-ccf6-4dbd-9553-576cf8318c8a"},"payment_id":{"S":"PAYID-MPW3PKY2FS29213MU8402534"},"course_id":{"S":"1b089228-e7de-4f95-8c6b-af313fe4f17f"},"updatedAt":{"N":"1676523455528"},"createdAt":{"N":"1676523455528"},"payment_status":{"S":"approved"},"id":{"S":"498747c1-5edd-4585-82e6-838af67a7843"}}
