{"planId":{"S":"2b781819-a428-4ae3-b693-612f2d2df41c"},"payment_id":{"S":"pi_3MH6uBIAbvjmWp3N1BBHix5n"},"userId":{"S":"11f4363b-fc87-411f-abf0-af4ca8cc1493"},"updatedAt":{"N":"1671546922402"},"createdAt":{"N":"1671546922402"},"payment_status":{"S":"paid"},"id":{"S":"62d97f0a-051f-4b57-b9b3-bc3eb5bbb72d"}}
{"planId":{"S":"2b781819-a428-4ae3-b693-612f2d2df41c"},"payment_id":{"S":"pi_3MIlI6IAbvjmWp3N1NR43kHj"},"updatedAt":{"N":"1671940490751"},"userId":{"S":"5b82f05e-4372-40b8-82e9-19f43e125cee"},"createdAt":{"N":"1670598924952"},"payment_status":{"S":"paid"},"id":{"S":"ac09da5b-879a-4195-9d28-dc54cbd8646f"}}
{"planId":{"S":"2b781819-a428-4ae3-b693-612f2d2df41c"},"payment_id":{"S":"PAYID-MORGWZA9FJ30549UV1068330"},"userId":{"S":"2ba8ebbc-e4ca-42c1-b1d3-70c4e1edf882"},"updatedAt":{"N":"1671588827185"},"createdAt":{"N":"1671588827185"},"payment_status":{"S":"approved"},"id":{"S":"9d129b35-7e1b-4768-9ecd-06eb8e233c4f"}}
{"planId":{"S":"a0074256-dd73-4d2d-ad7c-6d54a07715ed"},"payment_id":{"S":"I-VCR03C922X9A"},"userId":{"S":"626a09e5-e103-4ac5-b580-289452246b87"},"updatedAt":{"N":"1671633571070"},"createdAt":{"N":"1671633571070"},"payment_status":{"S":"Active"},"id":{"S":"15fe2f8f-b480-43f1-bcb1-c37b930406d0"}}
