{"createdAt":{"N":"1676005262395"},"user_id":{"S":"686ca183-d645-40f1-9df1-6f81fc280fb9"},"token":{"S":"Messaging: The notification permission was not granted and blocked instead. (messaging/permission-blocked)."},"id":{"S":"62f72571-c092-48e8-a7c0-c1e3232c2102"},"updatedAt":{"N":"1676005262395"}}
{"createdAt":{"N":"1675931785538"},"user_id":{"S":"a0f93e58-9f8c-4fa5-bc84-cc94526026cc"},"token":{"S":"Messaging: The notification permission was not granted and blocked instead. (messaging/permission-blocked)."},"id":{"S":"ba13a094-0129-48f6-983d-baff32acc9af"},"updatedAt":{"N":"1675931785538"}}
{"createdAt":{"N":"1676043585751"},"user_id":{"S":"55dad757-5ab3-4316-a714-b2aa6084b15c"},"token":{"S":"Messaging: The notification permission was not granted and blocked instead. (messaging/permission-blocked)."},"id":{"S":"a6e7e9ad-a474-447a-855c-96bebe88fb11"},"updatedAt":{"N":"1676043585751"}}
{"token":{"S":"Messaging: We are unable to register the default service worker. Failed to register a ServiceWorker for scope ('http://localhost:3001/firebase-cloud-messaging-push-scope') with script ('http://localhost:3001/firebase-messaging-sw.js'): The script has an unsupported MIME type ('text/html'). (messaging/failed-service-worker-registration)."},"id":{"S":"686ca183-d645-40f1-9df1-6f81fc280fb9"},"updatedAt":{"N":"1676042040922"}}
{"createdAt":{"N":"1676285944055"},"user_id":{"S":"cba1545f-b2d5-414c-9773-b5cf5e93aad9"},"token":{"S":"Messaging: The notification permission was not granted and blocked instead. (messaging/permission-blocked)."},"id":{"S":"3c1876d6-e3cf-4c4f-9141-c10e11d295d1"},"updatedAt":{"N":"1676285944055"}}
{"createdAt":{"N":"1675942909469"},"user_id":{"S":"9195fc37-ad00-4e81-9618-5f4ad39f9530"},"token":{"S":"Messaging: The notification permission was not granted and blocked instead. (messaging/permission-blocked)."},"id":{"S":"9a5e3c97-6fcc-40b6-9792-f4c8b2790fc8"},"updatedAt":{"N":"1675942909469"}}
{"createdAt":{"N":"1676542425192"},"user_id":{"S":"d81de81e-16ae-45f6-91d4-cd5e28602595"},"token":{"S":"Messaging: The notification permission was not granted and blocked instead. (messaging/permission-blocked)."},"id":{"S":"3713192a-4a85-4418-9cf3-87d6d66ad96d"},"updatedAt":{"N":"1676542425192"}}
{"createdAt":{"N":"1676953647787"},"user_id":{"S":"3d192a6d-be82-49de-a0cc-e5cc66ad2b3e"},"token":{"S":"Messaging: The notification permission was not granted and blocked instead. (messaging/permission-blocked)."},"id":{"S":"c4ed68a7-c0ec-4090-a242-fb883616fc68"},"updatedAt":{"N":"1676953647787"}}
{"createdAt":{"N":"1676354266635"},"user_id":{"S":"c6eac261-e2c4-4944-acd2-ac16044fac95"},"token":{"S":"Messaging: The notification permission was not granted and blocked instead. (messaging/permission-blocked)."},"id":{"S":"38674af3-d263-44d0-91b6-b75e880fdd02"},"updatedAt":{"N":"1676354266635"}}
{"createdAt":{"N":"1679032005356"},"user_id":{"S":"2e9c4619-6e55-4619-8a0b-017232167427"},"token":{"S":"Messaging: The notification permission was not granted and blocked instead. (messaging/permission-blocked)."},"id":{"S":"719439de-f2f2-4e6e-bed6-a7f0bed22fae"},"updatedAt":{"N":"1679032005356"}}
{"createdAt":{"N":"1673245354131"},"user_id":{"S":"19887615-8a20-40a0-8b0f-38e28f140906"},"token":{"S":"eqExBLdQULkmc_vlbOOOFZ:APA91bE6Nwkqy7UnaAdMsagKa1zeTiEab9Wcy1SyFao6VtfTS7arCRxsbK3llCL8NEpsd8xmB6y71jLyXsflZ50MDSTarz4nEjC_wVA8XLm9AFq0lcMexYViuEzY_cKQnTR9pJOAhIt_"},"id":{"S":"d336f837-7335-4516-99a5-868ebdfbc37e"},"updatedAt":{"N":"1673245354131"}}
{"createdAt":{"N":"1676541863108"},"user_id":{"S":"be9c3cfe-7c9f-45ea-a8e2-d46491f93e7d"},"token":{"S":"Messaging: The notification permission was not granted and blocked instead. (messaging/permission-blocked)."},"id":{"S":"726bc435-e496-4a88-a478-51a77259220d"},"updatedAt":{"N":"1676541863108"}}
{"token":{"S":"Messaging: We are unable to register the default service worker. Failed to register a ServiceWorker for scope ('https://lakeside-client.vercel.app/firebase-cloud-messaging-push-scope') with script ('https://lakeside-client.vercel.app/firebase-messaging-sw.js'): The script has an unsupported MIME type ('text/html'). (messaging/failed-service-worker-registration)."},"id":{"S":"5b82f05e-4372-40b8-82e9-19f43e125cee"},"updatedAt":{"N":"1681874302638"}}
{"createdAt":{"N":"1674734932297"},"user_id":{"S":"5b82f05e-4372-40b8-82e9-19f43e125cee"},"token":{"S":"Messaging: The notification permission was not granted and blocked instead. (messaging/permission-blocked)."},"id":{"S":"75410d2f-5eab-4a75-b332-2d951f0e5400"},"updatedAt":{"N":"1674734932297"}}
{"createdAt":{"N":"1676035953672"},"user_id":{"S":"cc060aeb-ff81-4816-a29c-47b92f64af8e"},"token":{"S":"Messaging: The notification permission was not granted and blocked instead. (messaging/permission-blocked)."},"id":{"S":"a03b9ca0-972c-4bac-9c1e-594132326e3c"},"updatedAt":{"N":"1676035953672"}}
{"createdAt":{"N":"1675524269929"},"user_id":{"S":"ff116f54-4dde-4b90-89f7-af7f0f254135"},"token":{"S":"Messaging: The notification permission was not granted and blocked instead. (messaging/permission-blocked)."},"id":{"S":"efdb6f28-3181-4d53-9501-557fd79f405c"},"updatedAt":{"N":"1675524269929"}}
{"createdAt":{"N":"1676527146763"},"user_id":{"S":"5322d886-339b-4066-9ea9-ca1ee108e277"},"token":{"S":"Messaging: The notification permission was not granted and blocked instead. (messaging/permission-blocked)."},"id":{"S":"5edbb510-baa3-4e48-b7ef-90ec4836b34b"},"updatedAt":{"N":"1676527146763"}}
{"createdAt":{"N":"1676287507374"},"user_id":{"S":"43b899ee-b68c-4c45-9cac-8a86ffe2091a"},"token":{"S":"Messaging: The notification permission was not granted and blocked instead. (messaging/permission-blocked)."},"id":{"S":"615d4e91-9a7b-4bc4-9a88-9a8223ac3a81"},"updatedAt":{"N":"1676287507374"}}
{"createdAt":{"N":"1676525996179"},"user_id":{"S":"d5f95805-383e-44a9-990f-bcb9d7d230b4"},"token":{"S":"Messaging: The notification permission was not granted and blocked instead. (messaging/permission-blocked)."},"id":{"S":"ab6270fd-6fe3-4a04-9f82-912130d066f3"},"updatedAt":{"N":"1676525996179"}}
{"token":{"S":"Messaging: We are unable to register the default service worker. Failed to register a ServiceWorker for scope ('https://lakeside-client.vercel.app/firebase-cloud-messaging-push-scope') with script ('https://lakeside-client.vercel.app/firebase-messaging-sw.js'): The script has an unsupported MIME type ('text/html'). (messaging/failed-service-worker-registration)."},"id":{"S":"abf1f7e2-fbdf-40a1-91be-642d01da9484"},"updatedAt":{"N":"1684824514793"}}
{"createdAt":{"N":"1676653701068"},"user_id":{"S":"abf1f7e2-fbdf-40a1-91be-642d01da9484"},"token":{"S":"Messaging: The notification permission was not granted and blocked instead. (messaging/permission-blocked)."},"id":{"S":"0f2e592b-cc14-4331-a6f8-60dee559c3e8"},"updatedAt":{"N":"1676653701068"}}
{"createdAt":{"N":"1675664882315"},"user_id":{"S":"b7d548ec-0964-4a55-a148-d31f6476d363"},"token":{"S":"Messaging: The notification permission was not granted and blocked instead. (messaging/permission-blocked)."},"id":{"S":"bd761827-bcd7-4073-a672-ed75f3e58d05"},"updatedAt":{"N":"1675664882315"}}
{"createdAt":{"N":"1677252344422"},"user_id":{"S":"e68b6009-f2f1-44fb-aae1-d288617adb91"},"token":{"S":"Messaging: The notification permission was not granted and blocked instead. (messaging/permission-blocked)."},"id":{"S":"1a6025a9-4dec-4056-aef9-bf6a494e95f6"},"updatedAt":{"N":"1677252344422"}}
{"createdAt":{"N":"1673274549318"},"user_id":{"S":"a75c5385-e552-4bfb-bde6-459cb3cf3d7d"},"token":{"S":"eqExBLdQULkmc_vlbOOOFZ:APA91bE6Nwkqy7UnaAdMsagKa1zeTiEab9Wcy1SyFao6VtfTS7arCRxsbK3llCL8NEpsd8xmB6y71jLyXsflZ50MDSTarz4nEjC_wVA8XLm9AFq0lcMexYViuEzY_cKQnTR9pJOAhIt_"},"id":{"S":"8c70c677-9dcb-4c2c-9f97-780a08566dc2"},"updatedAt":{"N":"1673274549318"}}
{"token":{"S":"Messaging: We are unable to register the default service worker. Failed to register a ServiceWorker for scope ('https://lakeside-client-49bgjhq9i-peacock-india.vercel.app/firebase-cloud-messaging-push-scope') with script ('https://lakeside-client-49bgjhq9i-peacock-india.vercel.app/firebase-messaging-sw.js'): The script has an unsupported MIME type ('text/html'). (messaging/failed-service-worker-registration)."},"id":{"S":"d81de81e-16ae-45f6-91d4-cd5e28602595"},"updatedAt":{"N":"1676958461204"}}
{"createdAt":{"N":"1673290833136"},"user_id":{"S":"84828864-7750-42ce-8a16-486b0b34c9f3"},"token":{"S":"eqExBLdQULkmc_vlbOOOFZ:APA91bE6Nwkqy7UnaAdMsagKa1zeTiEab9Wcy1SyFao6VtfTS7arCRxsbK3llCL8NEpsd8xmB6y71jLyXsflZ50MDSTarz4nEjC_wVA8XLm9AFq0lcMexYViuEzY_cKQnTR9pJOAhIt_"},"id":{"S":"6e96c175-f3cb-4d7a-b5a0-69c8e2724452"},"updatedAt":{"N":"1673290833136"}}
{"createdAt":{"N":"1676532445196"},"user_id":{"S":"9a571c2b-5866-472c-8ba1-01870996a53b"},"token":{"S":"Messaging: The notification permission was not granted and blocked instead. (messaging/permission-blocked)."},"id":{"S":"c54363b1-b1a9-434e-a611-2fc2fbf8bc35"},"updatedAt":{"N":"1676532445196"}}
