{"createdAt":{"N":"1667881346649"},"id":{"S":"458a47ad-2e96-482e-abab-652c39ed53fb"},"track_name":{"S":"Product Management"},"updatedAt":{"N":"1667881346649"}}
{"createdAt":{"N":"1667881337288"},"id":{"S":"1d8b6364-5f33-4dc0-b69c-1875a491bf8d"},"track_name":{"S":"Project Management"},"updatedAt":{"N":"1667881337288"}}
{"createdAt":{"N":"1667881322220"},"id":{"S":"bd14fc6e-c7ce-4c59-9688-b3d5b2de4f85"},"track_name":{"S":"Cloud Computing"},"updatedAt":{"N":"1667881322220"}}
{"createdAt":{"N":"1667881294006"},"id":{"S":"0106d559-3cee-4fb5-80d1-e686a97aba50"},"track_name":{"S":"AWS Certification"},"updatedAt":{"N":"1667881294006"}}
{"createdAt":{"N":"1667881354619"},"id":{"S":"83481161-1e40-4ddf-8988-fd34342b7db3"},"track_name":{"S":"Information Technology"},"updatedAt":{"N":"1667881354619"}}
