{"createdAt":{"N":"1673289149244"},"user_id":{"S":"a75c5385-e552-4bfb-bde6-459cb3cf3d7d"},"updatedAt":{"N":"1673289149244"},"notification_count":{"N":"7"}}
{"createdAt":{"N":"1676528251785"},"user_id":{"S":"5322d886-339b-4066-9ea9-ca1ee108e277"},"updatedAt":{"N":"1676528251785"},"notification_count":{"N":"0"}}
{"createdAt":{"N":"1678340819387"},"user_id":{"S":"5b82f05e-4372-40b8-82e9-19f43e125cee"},"updatedAt":{"N":"1678340819387"},"notification_count":{"N":"0"}}
{"createdAt":{"N":"1675266477663"},"user_id":{"S":"84828864-7750-42ce-8a16-486b0b34c9f3"},"updatedAt":{"N":"1675266477663"},"notification_count":{"N":"5"}}
{"createdAt":{"N":"1676354587037"},"user_id":{"S":"c6eac261-e2c4-4944-acd2-ac16044fac95"},"updatedAt":{"N":"1676354587037"},"notification_count":{"N":"0"}}
{"createdAt":{"N":"1676654054234"},"user_id":{"S":"abf1f7e2-fbdf-40a1-91be-642d01da9484"},"updatedAt":{"N":"1676654054234"},"notification_count":{"N":"0"}}
{"createdAt":{"N":"1673273963568"},"user_id":{"S":"19887615-8a20-40a0-8b0f-38e28f140906"},"updatedAt":{"N":"1673273963568"},"notification_count":{"N":"10"}}
